{"authorDailyContributionsMap":{"Cocokkkk":[{"date":"2021-01-20","commitResults":[{"hash":"69f24399c79dbdb90892ae3dc9116d3ed362192e","isMergeCommit":false,"messageTitle":"Level0.Greet","messageBody":"","fileTypesAndContributionMap":{"java":{"insertions":6,"deletions":0}}}]},{"date":"2021-01-25","commitResults":[{"hash":"b3d3bbf7dc9e73d40ecc5a1cbc401830f2e6a4dc","isMergeCommit":false,"messageTitle":"Level 1. Greet, Echo, Exit","messageBody":"","fileTypesAndContributionMap":{"java":{"insertions":19,"deletions":2}}},{"hash":"eea44423997b4a745d032974f5bde28f0ecddf52","isMergeCommit":false,"messageTitle":"Level 1. Greet, Echo, Exit","messageBody":"","tags":["Level-1"],"fileTypesAndContributionMap":{"java":{"insertions":9,"deletions":4}}}]},{"date":"2021-01-26","commitResults":[{"hash":"e413543dda549ef694ccfa7cf48afc18d29f5915","isMergeCommit":false,"messageTitle":"Level-2: Add, List","messageBody":"","tags":["Level-2"],"fileTypesAndContributionMap":{"java":{"insertions":42,"deletions":20}}},{"hash":"2812ab9c0118a25def8c4b305d8e766536dbc537","isMergeCommit":false,"messageTitle":"Level 3. Mark as Done","messageBody":"","fileTypesAndContributionMap":{"java":{"insertions":33,"deletions":5}}},{"hash":"d539039ecad10d7eec72b0ac44c7049a03ef850b","isMergeCommit":false,"messageTitle":"Level-3: Mark as Done","messageBody":"","tags":["Level-3","A-CodingStandard"],"fileTypesAndContributionMap":{"java":{"insertions":1,"deletions":0}}}]},{"date":"2021-01-30","commitResults":[{"hash":"3568433877753e3dbe76720d6eaa95b72f2c1f23","isMergeCommit":false,"messageTitle":"Extension: A-Classes Task","messageBody":"","tags":["A-Classes"],"fileTypesAndContributionMap":{"java":{"insertions":2,"deletions":1}}}]},{"date":"2021-02-02","commitResults":[{"hash":"61bfbdded0e9a1969c679d44d9285f4d597f5529","isMergeCommit":false,"messageTitle":"Level-4: ToDos, Events, Deadlines 1.ToDos: tasks without any date/time attached to it e.g., go home 2.Deadlines: tasks that need to be done before a specific date/time e.g., submit report by 11/02/2021 11pm 3.Events: tasks that start at a specific time and ends at a specific time e.g., project meeting on 11/02/2021 2-4pm","messageBody":"","tags":["Level-4","A-Inheritance"],"fileTypesAndContributionMap":{"java":{"insertions":68,"deletions":21}}},{"hash":"67507e0021d496da9473d35d33d245743d211a0e","isMergeCommit":false,"messageTitle":"A-TextUiTesting: Automated Text UI Testing","messageBody":"","tags":["A-TextUiTesting"],"fileTypesAndContributionMap":{"txt":{"insertions":5,"deletions":0}}},{"hash":"8af8a3707750688acfaf16013aeca49bb8f651c0","isMergeCommit":false,"messageTitle":"A-CodeQuality: Improve code quality","messageBody":"","tags":["A-CodeQuality"],"fileTypesAndContributionMap":{"java":{"insertions":9,"deletions":10}}}]},{"date":"2021-02-04","commitResults":[{"hash":"a17c5a7c8d3ff4e343a625c4911c5ce2484226c3","isMergeCommit":false,"messageTitle":"Level-4: ToDos, Events, Deadlines 1. ToDos: tasks without any date/time attached to it e.g., visit new theme park 2. Deadlines: tasks that need to be done before a specific date/time e.g.submit a report by 05/02/2021 3. Events: tasks that start at a specific time and ends at a specific time e.g.team project meeting at Friday 2-4pm","messageBody":"","tags":["Level-4----UpdateMarkdone"],"fileTypesAndContributionMap":{"java":{"insertions":23,"deletions":8}}}]},{"date":"2021-02-08","commitResults":[{"hash":"4cfd537adeb2a0fbe25f73f61b29a9e9a829f018","isMergeCommit":false,"messageTitle":"Level5.Handle Errors Teach Duke to deal with errors such as incorrect inputs entered by user","messageBody":"","tags":["Level-5"],"fileTypesAndContributionMap":{"java":{"insertions":68,"deletions":22},"md":{"insertions":2,"deletions":2}}}]},{"date":"2021-02-09","commitResults":[{"hash":"43c00ebb92e8478ed28b8cd33f09cd445c9333a6","isMergeCommit":false,"messageTitle":"A-Exception:Use Exceptions to handle errors","messageBody":"","tags":["A-Exceptions"],"fileTypesAndContributionMap":{"java":{"insertions":55,"deletions":26}}},{"hash":"520f658e2511ef632ea0b53dbfc7511347f90e8d","isMergeCommit":false,"messageTitle":"A-Packages: Organize into Packages Divide classes into packages","messageBody":"","tags":["A-Packages"],"fileTypesAndContributionMap":{"java":{"insertions":10,"deletions":10},"md":{"insertions":2,"deletions":2}}}]},{"date":"2021-02-10","commitResults":[{"hash":"b0df7e60f5fd0703a8231dbce825a3e8d9b5d83a","isMergeCommit":false,"messageTitle":"test","messageBody":"","fileTypesAndContributionMap":{"txt":{"insertions":2,"deletions":1}}},{"hash":"0fe9e21400ff5da19f9f4a44f972e838b51d44f0","isMergeCommit":false,"messageTitle":"update test-ui-test for exceptions","messageBody":"","fileTypesAndContributionMap":{"txt":{"insertions":1,"deletions":1}}}]},{"date":"2021-02-15","commitResults":[{"hash":"f6c48737ea497d0b4072da7631611bf5598f33b7","isMergeCommit":false,"messageTitle":"Level 6. Delete Add support for deleting tasks from the list","messageBody":"","fileTypesAndContributionMap":{"java":{"insertions":29,"deletions":12}}}]},{"date":"2021-02-16","commitResults":[{"hash":"d9e2715117d1f118c7f5ab621aa707ef3dc39da9","isMergeCommit":false,"messageTitle":"Level 7. Save Save the tasks in the hard disk automatically whenever the task list changes. Load the data from the hard disk when Duke starts up.","messageBody":"","fileTypesAndContributionMap":{"txt":{"insertions":6,"deletions":0},"java":{"insertions":98,"deletions":15}}},{"hash":"e77ed6e337763b4e50e5918b9c744e40a5647eb2","isMergeCommit":true,"messageTitle":"Merge branch \u0027branch-Level-7\u0027 Retain changes from both branches in Duke.java # Conflicts: #\tsrc/main/java/ip/duke/Duke.java","messageBody":"","tags":["Level-7","Level-6","A-Jar","A-Collections"],"fileTypesAndContributionMap":{}}]},{"date":"2021-02-18","commitResults":[{"hash":"6d60478f154f76267a29cb5d960d9e13fcba3fde","isMergeCommit":false,"messageTitle":"update duke 18/02/2021","messageBody":"","fileTypesAndContributionMap":{"txt":{"insertions":0,"deletions":6}}},{"hash":"027db516e0b4eae187621b45c9d1349918f59cac","isMergeCommit":true,"messageTitle":"Merge branch \u0027branch-Level-5\u0027","messageBody":"","fileTypesAndContributionMap":{}}]},{"date":"2021-02-25","commitResults":[{"hash":"8c9779b3146b32f3dbc17997451dbeb34255d903","isMergeCommit":false,"messageTitle":"A-More OOP: Use More OOP (Ui, Storage,Parser,TaskList...)","messageBody":"","tags":["A-MoreOOP"],"fileTypesAndContributionMap":{"txt":{"insertions":2,"deletions":0},"java":{"insertions":346,"deletions":215}}}]},{"date":"2021-02-28","commitResults":[{"hash":"cc924b6b1b8d804a46443bdde24b71b671abfa45","isMergeCommit":false,"messageTitle":"Level 9: Find Give users a way to find a task by searching for a keyword.","messageBody":"","tags":["Level-9"],"fileTypesAndContributionMap":{"txt":{"insertions":1,"deletions":1},"java":{"insertions":38,"deletions":0}}},{"hash":"b96e68f9c65aaac3a9ffc889281b27099da01bf9","isMergeCommit":true,"messageTitle":"Merge pull request #1 from Cocokkkk/branch-Level-9","messageBody":"Level 9: Find","fileTypesAndContributionMap":{}},{"hash":"53292d30cf99e2a07a9a4a60feed19732d85f25c","isMergeCommit":false,"messageTitle":"A-Java-Doc Add JavaDoc comments to the code","messageBody":"","fileTypesAndContributionMap":{"txt":{"insertions":1,"deletions":0},"java":{"insertions":219,"deletions":5}}},{"hash":"63d9f305444c3e148870c9bf3695531cea84ecc3","isMergeCommit":true,"messageTitle":"Merge pull request #2 from Cocokkkk/branch-A-JavaDoc","messageBody":"A-Java-Doc","tags":["A-JavaDoc"],"fileTypesAndContributionMap":{}},{"hash":"9a0d3e0b6bff6c35ad98503b9ee69f1a0b9df79c","isMergeCommit":false,"messageTitle":"Level 8.Dates and Times Teach Duke how to understand dates and times. For example, if the command is deadline return book /by 2/12/2019 1800, Duke should understand 2/12/2019 1800 as 2nd of December 2019, 6pm, instead of treating it as just a String.","messageBody":"","fileTypesAndContributionMap":{"txt":{"insertions":2,"deletions":3},"java":{"insertions":89,"deletions":5}}},{"hash":"a8f0094beb57c577baab562e1d6fb1bfbf651cdc","isMergeCommit":false,"messageTitle":"Level 8. Dates and Times Teach Duke how to understand dates and times. For example, if the command is deadline return book /by 2/12/2019 1800, Duke should understand 2/12/2019 1800 as 2nd of December 2019, 6pm, instead of treating it as just a String.","messageBody":"","fileTypesAndContributionMap":{"java":{"insertions":2,"deletions":12}}},{"hash":"b027b4a3732a07b90e5397734762dee78356314d","isMergeCommit":true,"messageTitle":"Merge pull request #3 from Cocokkkk/branch-Level-8","messageBody":"Level 8. Dates and Times","tags":["Level-8"],"fileTypesAndContributionMap":{}}]},{"date":"2021-03-02","commitResults":[{"hash":"b9ba4677ddf96ebaae0ba5e8b4c7c79baf7a7ec1","isMergeCommit":false,"messageTitle":"A-UserGuide: add a brief User Guide(UG)","messageBody":"","fileTypesAndContributionMap":{"txt":{"insertions":0,"deletions":2},"java":{"insertions":34,"deletions":0},"md":{"insertions":240,"deletions":6}}},{"hash":"521289c0ad7f6004abbad6be7a9c8d1cf0b17a98","isMergeCommit":false,"messageTitle":"A-UserGuide: Add a brief User Guide, update docs/README.md","messageBody":"","fileTypesAndContributionMap":{"java":{"insertions":16,"deletions":16},"md":{"insertions":287,"deletions":11}}},{"hash":"8550ba5b560fc97a5efeab6a4d220a0e42812397","isMergeCommit":false,"messageTitle":"Update readme","messageBody":"","fileTypesAndContributionMap":{"md":{"insertions":12,"deletions":13}}},{"hash":"1d9094f2ce15398ac1bbc640936eed07f816b922","isMergeCommit":false,"messageTitle":"Update README.md","messageBody":"","fileTypesAndContributionMap":{"md":{"insertions":13,"deletions":14}}}]},{"date":"2021-03-03","commitResults":[{"hash":"32060a5f2dfded51f5963bf1495e310f1ab39b10","isMergeCommit":false,"messageTitle":"Update README.md 3/03/2021","messageBody":"","fileTypesAndContributionMap":{"md":{"insertions":3,"deletions":3}}},{"hash":"316a410633762a0cf4ee612a976187c0f4cb2dc6","isMergeCommit":false,"messageTitle":"Update README.md","messageBody":"","fileTypesAndContributionMap":{"md":{"insertions":1,"deletions":2}}},{"hash":"9344b9baec46fb263e6adeb8eceaf0a724a506e6","isMergeCommit":false,"messageTitle":"Update README.md","messageBody":"","fileTypesAndContributionMap":{"md":{"insertions":4,"deletions":0}}},{"hash":"60293b21aaf97e21df457884aac65b3a29f7aafe","isMergeCommit":false,"messageTitle":"Update README.md","messageBody":"","fileTypesAndContributionMap":{"md":{"insertions":0,"deletions":50}}},{"hash":"de6ab4c4b769932072c23326f8bf780a574404fa","isMergeCommit":false,"messageTitle":"Update README.md","messageBody":"","fileTypesAndContributionMap":{"md":{"insertions":50,"deletions":0}}},{"hash":"4479db002904c01842286e3c9e5da8e2df6128d3","isMergeCommit":false,"messageTitle":"Update README.md","messageBody":"","fileTypesAndContributionMap":{"md":{"insertions":0,"deletions":36}}},{"hash":"42c7bcdd9fe0ffa913683f2a3d963ba4baf6d78f","isMergeCommit":false,"messageTitle":"Update README.md","messageBody":"","fileTypesAndContributionMap":{"md":{"insertions":44,"deletions":7}}},{"hash":"6d9264abdd147404507127a00184289faa377d44","isMergeCommit":false,"messageTitle":"Update README.md","messageBody":"","fileTypesAndContributionMap":{"md":{"insertions":9,"deletions":24}}},{"hash":"318c6b47633480d7908f9e6b50f11706142487ac","isMergeCommit":false,"messageTitle":"Update README.md","messageBody":"","fileTypesAndContributionMap":{"md":{"insertions":32,"deletions":0}}},{"hash":"9dad83a8f80b6b448d8034d80b8b117eb227f6ec","isMergeCommit":false,"messageTitle":"Update README.md","messageBody":"","fileTypesAndContributionMap":{"md":{"insertions":24,"deletions":41}}},{"hash":"0e17073c413807df38e63d4f7d3a59098304a33b","isMergeCommit":false,"messageTitle":"Update README.md","messageBody":"","fileTypesAndContributionMap":{"md":{"insertions":54,"deletions":49}}},{"hash":"6dfcbada50dc3533593f4e1c2ef011676a4fe339","isMergeCommit":true,"messageTitle":"Merge branch \u0027master\u0027 of https://github.com/Cocokkkk/ip","messageBody":"# Conflicts:\n#\tdocs/README.md\n","fileTypesAndContributionMap":{}},{"hash":"a6911a8d7066444833c983e1e7d23573c63e652b","isMergeCommit":false,"messageTitle":"Update docs/README.md","messageBody":"","fileTypesAndContributionMap":{"md":{"insertions":21,"deletions":5}}},{"hash":"3702d607732f32b1fdc943c3717a6818ebe33b3d","isMergeCommit":false,"messageTitle":"A-UserGuide: Add a User Guide to the project.","messageBody":"","tags":["A-UserGuide"],"fileTypesAndContributionMap":{"md":{"insertions":74,"deletions":53}}},{"hash":"c5c1cbba259878a69418baff7cdc171bf4301fd0","isMergeCommit":false,"messageTitle":"Update UserGuide","messageBody":"","fileTypesAndContributionMap":{"md":{"insertions":10,"deletions":10}}}]},{"date":"2021-03-05","commitResults":[{"hash":"5f9930344553a2b74a3f505d7fc35798264c1555","isMergeCommit":false,"messageTitle":"Update Duke Project: Final Version 05/03/2021 10:42pm","messageBody":"","fileTypesAndContributionMap":{"txt":{"insertions":1,"deletions":4},"java":{"insertions":313,"deletions":98},"md":{"insertions":133,"deletions":11}}},{"hash":"143cb9b0a3344280c8a079507c5042ffad51446d","isMergeCommit":false,"messageTitle":"Update README.md","messageBody":"","fileTypesAndContributionMap":{"md":{"insertions":1,"deletions":1}}},{"hash":"d42d2730939cc83f1daf2e79741cfda47b0d2a62","isMergeCommit":false,"messageTitle":"Update README.md","messageBody":"","fileTypesAndContributionMap":{"md":{"insertions":135,"deletions":13}}},{"hash":"1380b5aaba29623492588db741274472a6d775e9","isMergeCommit":false,"messageTitle":"Update README.md","messageBody":"","fileTypesAndContributionMap":{"md":{"insertions":22,"deletions":2}}},{"hash":"7e580939d2414579d15c1c368f59db89b1731c57","isMergeCommit":false,"messageTitle":"Duke Project: Final Version update 05/03/2021 23:36","messageBody":"","fileTypesAndContributionMap":{"java":{"insertions":3,"deletions":3}}},{"hash":"a567dee9d26d738268bcc82f28a0d857169a8cfb","isMergeCommit":false,"messageTitle":"Create README.md","messageBody":"","tags":["A-Release-final-version","A-Release-Wed"],"fileTypesAndContributionMap":{"md":{"insertions":29,"deletions":6}}}]},{"date":"2021-03-06","commitResults":[{"hash":"b04384242f9dcde2556fff82e6bb7ff7ed27135f","isMergeCommit":false,"messageTitle":"update README.md","messageBody":"","fileTypesAndContributionMap":{"md":{"insertions":52,"deletions":9}}},{"hash":"3346a534682fac8908c62003044b7f43f5474a49","isMergeCommit":false,"messageTitle":"Change the data file position","messageBody":"","fileTypesAndContributionMap":{"java":{"insertions":1,"deletions":1}}},{"hash":"40de17010c52f7300c6dfe0ddd1bc30388a594a3","isMergeCommit":false,"messageTitle":"Change the duke.txt address","messageBody":"","tags":["A-Release"],"fileTypesAndContributionMap":{"txt":{"insertions":0,"deletions":1}}}]}]},"authorFileTypeContributionMap":{"Cocokkkk":{"java":1030,"md":896,"txt":2}},"authorContributionVariance":{"Cocokkkk":30611.186},"authorDisplayNameMap":{"Cocokkkk":"Ke Xuan"}}
