{"authorDailyContributionsMap":{"zikunz":[{"date":"2021-01-21","commitResults":[{"hash":"0c47162f1d065d59f6696344210b750f2f304ecc","isMergeCommit":false,"messageTitle":"Update Duke.java","messageBody":"Completion of Add Increment: Level-0 of individual project.","fileTypesAndContributionMap":{"java":{"insertions":9,"deletions":1}}},{"hash":"8672538fdbc469b759cbabc33f72ff3ab266dcfa","isMergeCommit":false,"messageTitle":"Update Duke.java","messageBody":"Added indentation for \"Bye. Hope to see you again soon!\" and improved coding standards","fileTypesAndContributionMap":{"java":{"insertions":5,"deletions":5}}},{"hash":"dbdea569b064b63261c1e0ee38ca387d7568f900","isMergeCommit":false,"messageTitle":"Add Increment: Level-0","messageBody":"Improved coding standards","tags":["Level-0"],"fileTypesAndContributionMap":{"java":{"insertions":6,"deletions":6}}}]},{"date":"2021-01-26","commitResults":[{"hash":"dc909a760ea20f08b9dbc37c9d4179ab57445585","isMergeCommit":false,"messageTitle":"Add Increment: Level-1: Greet, Echo, Exit","messageBody":"This is a skeletal version of Duke that starts by greeting the user, simply echoes commands entered by the user, and exits when the user types \"bye\".","tags":["Level-1"],"fileTypesAndContributionMap":{"java":{"insertions":18,"deletions":6}}},{"hash":"74d9eb15b18307ec1ba4bc210a511947c905aa64","isMergeCommit":false,"messageTitle":"Add Increment: Level-2: Add, List","messageBody":"This version of Duke has the ability to store whatever text entered by the user and display them back to the user when requested. Since arrayList is used, the limit on the number of the user inputs depends on the computer memory.","tags":["Level-2"],"fileTypesAndContributionMap":{"java":{"insertions":47,"deletions":9}}},{"hash":"1514f4bd8d286dd27e1dde2ac336299763251c2a","isMergeCommit":false,"messageTitle":"Add Increment: Level-3: Mark as Done","messageBody":"This version of Duke has the ability to mark tasks as done. It also\nalerts the user that the list is empty and prompts him or her to enter\nagain in the event that the user types \"list\" at the start of the\nprogram (when there is no task to do).\n","fileTypesAndContributionMap":{"java":{"insertions":2,"deletions":0}}}]},{"date":"2021-01-27","commitResults":[{"hash":"8df0abb52c434019191064a4ddd76d84aced57a8","isMergeCommit":false,"messageTitle":"A-CodingStandard: Follow the Coding Standard","messageBody":"This version of Duke tweaks the code to comply with CS2113T coding standard.\n","fileTypesAndContributionMap":{"java":{"insertions":118,"deletions":70}}},{"hash":"05cdd824eb192113a24e42fdd46b88469e9ea002","isMergeCommit":false,"messageTitle":"Add Increment: Level-3: Mark as Done","messageBody":"This version of Duke has the ability to mark tasks as done. It also\nalerts the user that the list is empty and prompts him or her to enter\nagain in the event that the user types \"list\" at the start of the\nprogram (when there is no task to do).\n","tags":["Level-3","A-Classes"],"fileTypesAndContributionMap":{"java":{"insertions":0,"deletions":1}}},{"hash":"e79a4c65b15aa7355ac99d0ac2580267d6709901","isMergeCommit":false,"messageTitle":"A-CodingStandard: Follow the Coding Standard","messageBody":"This version of Duke tweaks the code to comply with CS2113T coding standard.\n","tags":["A-CodingStandard"],"fileTypesAndContributionMap":{"java":{"insertions":1,"deletions":0}}}]},{"date":"2021-02-03","commitResults":[{"hash":"0685c1229671707294fa69f12f6e8854ea7fa4e0","isMergeCommit":false,"messageTitle":"Add Increment: Level-4: ToDos, Events, Deadlines","messageBody":"This version of Duke adds support for tracking three types of tasks:\nToDos, Deadlines and Events.\n","tags":["Level-4","A-CodeQuality"],"fileTypesAndContributionMap":{"java":{"insertions":164,"deletions":43}}}]},{"date":"2021-02-10","commitResults":[{"hash":"ba01e73f95559db9a5406108b4aebe19ad740ced","isMergeCommit":false,"messageTitle":"Add Increment: Level-5: Handle Errors","messageBody":"This version of Duke deals with errors such as incorrect inputs entered\nby the user.\n","tags":["A-Packages","A-Exceptions"],"fileTypesAndContributionMap":{"java":{"insertions":103,"deletions":58}}},{"hash":"8f4df2004657b467d10051c80a740610e7332381","isMergeCommit":true,"messageTitle":"Merge branch \u0027branch-Level-5\u0027","messageBody":"","tags":["Level-5"],"fileTypesAndContributionMap":{}}]},{"date":"2021-02-16","commitResults":[{"hash":"460ec3c0cf5cd4dc28f0b028fd6202400619878b","isMergeCommit":false,"messageTitle":"Add Improvement: ArrayList, More Exceptions, Java Coding Standard","messageBody":"This version of Duke uses an arrayList to store user input, adds some\nother exceptions and improves coding standard.\n","fileTypesAndContributionMap":{"java":{"insertions":101,"deletions":90}}},{"hash":"d9f8710a31bcced2cb21610ec3f2d68785c0843f","isMergeCommit":false,"messageTitle":"Add Increment: Level-6: Delete","messageBody":"This version of Duke adds support for deleting tasks from the list.\n","tags":["Level-6","A-Collections"],"fileTypesAndContributionMap":{"java":{"insertions":35,"deletions":10}}}]},{"date":"2021-02-17","commitResults":[{"hash":"367221c510513c124ffc59e590916c5f423720a5","isMergeCommit":false,"messageTitle":"Add Increment: Level-7: Save","messageBody":"This version of Duke saves the tasks in the hard disk automatically\nwhenever the task list changes. It also loads the data from the hard\ndisk when Duke starts up.\n","fileTypesAndContributionMap":{"txt":{"insertions":3,"deletions":0},"java":{"insertions":118,"deletions":3}}},{"hash":"aa14f10e4c15cb89650849577d7614542f7938be","isMergeCommit":true,"messageTitle":"Merge branch \u0027branch-Level-6\u0027","messageBody":"","fileTypesAndContributionMap":{}},{"hash":"f9d3e273f4a4fd8dcdad3c600f41078c1dfbc538","isMergeCommit":true,"messageTitle":"Merge branch \u0027branch-Level-7\u0027","messageBody":"","fileTypesAndContributionMap":{}},{"hash":"753c50e61b54f21c019ccd272bce4bfc420b51a1","isMergeCommit":false,"messageTitle":"Add Improvement: Java Coding Standard","messageBody":"This version of Duke removes useless lines and deletes content\npreviously stored in Duke.txt\n","tags":["Level-7","A-Jar"],"fileTypesAndContributionMap":{"txt":{"insertions":0,"deletions":3},"java":{"insertions":0,"deletions":3}}}]},{"date":"2021-02-18","commitResults":[{"hash":"155885b91d14df40332c3e14c686515bfa29ec7e","isMergeCommit":false,"messageTitle":"Add Improvement: Minor Typo Fixes and Java Coding Standard","messageBody":"This version of Duke fixes a typo in Event.java and improves coding\nstandard.\n","tags":["Level-7_Updated","A-Jar_Updated"],"fileTypesAndContributionMap":{"java":{"insertions":8,"deletions":5}}}]},{"date":"2021-02-27","commitResults":[{"hash":"68148355ced354a88e96497113e92f4cf3017508","isMergeCommit":false,"messageTitle":"Add Improvement: Java Coding Standard","messageBody":"This version of Duke makes constants final, creates new classes, handles magic literals, improves coding standard and so on.\n","fileTypesAndContributionMap":{"txt":{"insertions":0,"deletions":0},"java":{"insertions":138,"deletions":96}}}]},{"date":"2021-03-03","commitResults":[{"hash":"6e1f182ff5acb1bceec68f5532edf4d6d1ac1c6d","isMergeCommit":false,"messageTitle":"A-MoreOOP: Use More OOP","messageBody":"This version of Duke is made more OOP.\n","tags":["A-MoreOOP"],"fileTypesAndContributionMap":{"java":{"insertions":598,"deletions":336}}}]},{"date":"2021-03-04","commitResults":[{"hash":"243a5da1bd1967f7853cd2552bff6b69a5a3e54b","isMergeCommit":false,"messageTitle":"Add Increment: Level-9: Find","messageBody":"This version of Duke gives users a way to find a task by searching for a\nkeyword.\n","tags":["Level-9"],"fileTypesAndContributionMap":{"java":{"insertions":90,"deletions":13}}},{"hash":"d8bcad082ae899a07bdd27bdf9b7db6e016c6ef1","isMergeCommit":false,"messageTitle":"Add Increment: A-JavaDoc: JavaDoc","messageBody":"This version of Duke adds JavaDoc comments to the code.\n","tags":["A-JavaDoc"],"fileTypesAndContributionMap":{"java":{"insertions":146,"deletions":0}}},{"hash":"d1e999106314cc9e4e380cbc3c66c5907fd13a85","isMergeCommit":true,"messageTitle":"Merge pull request #1 from zikunz/branch-Level-9","messageBody":"Add Increment: Level-9: Find","fileTypesAndContributionMap":{}},{"hash":"4dad8aa30290a6c19e24e27194d61514ca3a5d92","isMergeCommit":true,"messageTitle":"Merge branch \u0027master\u0027 into branch-A-JavaDoc","messageBody":"Merge with Master: branch-A-JavaDoc and Master\n\nThis version of Duke resolves merge conflicts between branch-A-JavaDoc\nand master.\n","fileTypesAndContributionMap":{}},{"hash":"deaec9339f8efbbe615bb5639cb7c2b4cd917eea","isMergeCommit":true,"messageTitle":"Merge pull request #2 from zikunz/branch-A-JavaDoc","messageBody":"Add Increment: A-JavaDoc: JavaDoc","fileTypesAndContributionMap":{}}]},{"date":"2021-03-05","commitResults":[{"hash":"d9b02d652c78315594ca3ff279e380f3666a378e","isMergeCommit":false,"messageTitle":"Add Increment: TextUiTesting: Automated Text UI Testing","messageBody":"This version of Duke uses the input / output redirection technique to semi-automate the testing of it.\n","tags":["A-TextUiTesting"],"fileTypesAndContributionMap":{"txt":{"insertions":10,"deletions":0}}},{"hash":"684c1d3273a18d653cc00a785f5e114d2e162d6a","isMergeCommit":true,"messageTitle":"Merge branch \u0027master\u0027 of https://github.com/zikunz/ip","messageBody":"","fileTypesAndContributionMap":{}},{"hash":"8c817933f879ad0408b48778d5b0b9ec4737419a","isMergeCommit":false,"messageTitle":"Add Increment: Level-8: Dates and Times","messageBody":"This version of Duke teaches it how to understand dates and times and, show tasks which happen on a specific date.\n","tags":["Level-8"],"fileTypesAndContributionMap":{"txt":{"insertions":3,"deletions":0},"java":{"insertions":101,"deletions":13}}},{"hash":"dd02a7b3921edf24fdb7562dea65a7865a416320","isMergeCommit":true,"messageTitle":"Merge pull request #3 from zikunz/branch-Level-8","messageBody":"Add Increment: Level-8: Dates and Times","fileTypesAndContributionMap":{}},{"hash":"b78b8212a71e893814942850c505591fc8b83eb9","isMergeCommit":false,"messageTitle":"Add Increment: A-UserGuide: User Guide","messageBody":"This version of Duke adds a User Guide to the project.\n","tags":["A-UserGuide"],"fileTypesAndContributionMap":{"txt":{"insertions":1,"deletions":3},"java":{"insertions":294,"deletions":90},"md":{"insertions":150,"deletions":12}}},{"hash":"2f928f35f0f83f2495d14dcd6f6992b0bace6233","isMergeCommit":false,"messageTitle":"Fix minor format issue","messageBody":"","fileTypesAndContributionMap":{"md":{"insertions":1,"deletions":1}}},{"hash":"710be090609f8524228745fc630abd0d7a206543","isMergeCommit":false,"messageTitle":"Fix minor formatting issues","messageBody":"","fileTypesAndContributionMap":{"md":{"insertions":19,"deletions":9}}},{"hash":"9c40c0487e362d13d89b257098882b84d6e6a0fc","isMergeCommit":false,"messageTitle":"Fix some typos","messageBody":"","fileTypesAndContributionMap":{"md":{"insertions":2,"deletions":2}}},{"hash":"4c92a545f4ced0f42e80b16f45ea7e883debe687","isMergeCommit":false,"messageTitle":"Fix minor styling issues","messageBody":"","fileTypesAndContributionMap":{"md":{"insertions":3,"deletions":2}}},{"hash":"61d51f5f0af2d8fee09739b37a6cf44cf9d33db5","isMergeCommit":false,"messageTitle":"Fix minor styling issues","messageBody":"","fileTypesAndContributionMap":{"md":{"insertions":10,"deletions":7}}},{"hash":"290b27c55bdea25e764e5eef0d74728ded0d841b","isMergeCommit":false,"messageTitle":"Fix some typos","messageBody":"","fileTypesAndContributionMap":{"md":{"insertions":11,"deletions":11}}},{"hash":"886d5f6b8ed3c35b1dfd69c22aa412a6f050801b","isMergeCommit":false,"messageTitle":"Fix minor styling issues and a typo","messageBody":"","tags":["A-Release"],"fileTypesAndContributionMap":{"md":{"insertions":3,"deletions":3}}},{"hash":"e679d50d431ed7aa8ec480e1a521e3c34a12719e","isMergeCommit":false,"messageTitle":"Fix minor styling issues","messageBody":"","fileTypesAndContributionMap":{"md":{"insertions":3,"deletions":1}}}]},{"date":"2025-01-13","commitResults":[{"hash":"1ebd3ea651da3245e45b16d1388fa753f5d6e303","isMergeCommit":false,"messageTitle":"Update README.md","messageBody":"","fileTypesAndContributionMap":{"md":{"insertions":1,"deletions":0}}},{"hash":"0b0fc48183ace002ab96df92d74e0fc2b411b452","isMergeCommit":false,"messageTitle":"Update README.md","messageBody":"","fileTypesAndContributionMap":{"md":{"insertions":2,"deletions":0}}},{"hash":"108e67daab34cc050f56909df5fe14b5ea5ee873","isMergeCommit":false,"messageTitle":"Update README.md","messageBody":"","fileTypesAndContributionMap":{"md":{"insertions":5,"deletions":0}}}]}]},"authorFileTypeContributionMap":{"zikunz":{"java":1255,"md":169,"txt":11}},"authorContributionVariance":{"zikunz":1197.113},"authorDisplayNameMap":{"zikunz":"Zhu Zikun"}}
