[{"path":"docs/README.md","fileType":"md","lines":[{"lineNumber":1,"author":{"gitId":"-"},"content":"# User Guide","isFullCredit":false},{"lineNumber":2,"author":{"gitId":"-"},"content":"","isFullCredit":false},{"lineNumber":3,"author":{"gitId":"beaniestanley"},"content":"Welcome! Come and plan your tasks with Duke! :)","isFullCredit":false},{"lineNumber":4,"author":{"gitId":"-"},"content":"","isFullCredit":false},{"lineNumber":5,"author":{"gitId":"beaniestanley"},"content":"#### Types of tasks:","isFullCredit":false},{"lineNumber":6,"author":{"gitId":"-"},"content":"","isFullCredit":false},{"lineNumber":7,"author":{"gitId":"beaniestanley"},"content":"1. ToDo","isFullCredit":false},{"lineNumber":8,"author":{"gitId":"beaniestanley"},"content":"2. Event","isFullCredit":false},{"lineNumber":9,"author":{"gitId":"beaniestanley"},"content":"3. Deadline","isFullCredit":false},{"lineNumber":10,"author":{"gitId":"-"},"content":"","isFullCredit":false},{"lineNumber":11,"author":{"gitId":"beaniestanley"},"content":"* [Quick Start](#quick-Start)","isFullCredit":false},{"lineNumber":12,"author":{"gitId":"beaniestanley"},"content":"* [Features](#features)","isFullCredit":false},{"lineNumber":13,"author":{"gitId":"beaniestanley"},"content":"    * [List all Tasks : `list`](#list-all-tasks--list)","isFullCredit":false},{"lineNumber":14,"author":{"gitId":"beaniestanley"},"content":"    * [Add Todo : `todo`](#add-todo--todo)","isFullCredit":false},{"lineNumber":15,"author":{"gitId":"beaniestanley"},"content":"    * [Add Event : `event`](#add-event--event)","isFullCredit":false},{"lineNumber":16,"author":{"gitId":"beaniestanley"},"content":"    * [Add Deadline : `deadline`](#add-deadline--deadline)","isFullCredit":false},{"lineNumber":17,"author":{"gitId":"beaniestanley"},"content":"    * [Delete Task : `delete`](#delete-task--delete)","isFullCredit":false},{"lineNumber":18,"author":{"gitId":"beaniestanley"},"content":"    * [Mark Task as Done : `done`](#mark-task-as-done--done)","isFullCredit":false},{"lineNumber":19,"author":{"gitId":"beaniestanley"},"content":"    * [Find by Keyword : `find`](#find-by-keyword--find)","isFullCredit":false},{"lineNumber":20,"author":{"gitId":"beaniestanley"},"content":"    * [Exit : `bye`](#exit--bye)","isFullCredit":false},{"lineNumber":21,"author":{"gitId":"beaniestanley"},"content":"* [Command Summary](#command-summary)","isFullCredit":false},{"lineNumber":22,"author":{"gitId":"-"},"content":"","isFullCredit":false},{"lineNumber":23,"author":{"gitId":"beaniestanley"},"content":"\u0026nbsp;","isFullCredit":false},{"lineNumber":24,"author":{"gitId":"-"},"content":"","isFullCredit":false},{"lineNumber":25,"author":{"gitId":"beaniestanley"},"content":"## Quick Start","isFullCredit":false},{"lineNumber":26,"author":{"gitId":"-"},"content":"","isFullCredit":false},{"lineNumber":27,"author":{"gitId":"beaniestanley"},"content":"Download `Duke.jar` from","isFullCredit":false},{"lineNumber":28,"author":{"gitId":"beaniestanley"},"content":"here: https://github.com/beaniestanley/ip/releases/tag/A-Release","isFullCredit":false},{"lineNumber":29,"author":{"gitId":"-"},"content":"","isFullCredit":false},{"lineNumber":30,"author":{"gitId":"beaniestanley"},"content":"**Requirements:**","isFullCredit":false},{"lineNumber":31,"author":{"gitId":"-"},"content":"","isFullCredit":false},{"lineNumber":32,"author":{"gitId":"beaniestanley"},"content":"Ensure you have Java 11 or above installed.","isFullCredit":false},{"lineNumber":33,"author":{"gitId":"beaniestanley"},"content":"","isFullCredit":false},{"lineNumber":34,"author":{"gitId":"beaniestanley"},"content":"**Usage:**","isFullCredit":false},{"lineNumber":35,"author":{"gitId":"beaniestanley"},"content":"","isFullCredit":false},{"lineNumber":36,"author":{"gitId":"beaniestanley"},"content":"1. Store the .jar file in a folder","isFullCredit":false},{"lineNumber":37,"author":{"gitId":"beaniestanley"},"content":"2. Run the .jar file","isFullCredit":false},{"lineNumber":38,"author":{"gitId":"beaniestanley"},"content":"3. Enter your command!","isFullCredit":false},{"lineNumber":39,"author":{"gitId":"beaniestanley"},"content":"","isFullCredit":false},{"lineNumber":40,"author":{"gitId":"beaniestanley"},"content":"\u0026nbsp;","isFullCredit":false},{"lineNumber":41,"author":{"gitId":"beaniestanley"},"content":"","isFullCredit":false},{"lineNumber":42,"author":{"gitId":"-"},"content":"## Features","isFullCredit":false},{"lineNumber":43,"author":{"gitId":"-"},"content":"","isFullCredit":false},{"lineNumber":44,"author":{"gitId":"beaniestanley"},"content":"### List all Tasks : `list`","isFullCredit":false},{"lineNumber":45,"author":{"gitId":"beaniestanley"},"content":"","isFullCredit":false},{"lineNumber":46,"author":{"gitId":"beaniestanley"},"content":"Displays all the tasks currently in your task list.","isFullCredit":false},{"lineNumber":47,"author":{"gitId":"beaniestanley"},"content":"","isFullCredit":false},{"lineNumber":48,"author":{"gitId":"beaniestanley"},"content":"\u003e `[T]`  Todo\u003cbr\u003e","isFullCredit":false},{"lineNumber":49,"author":{"gitId":"beaniestanley"},"content":"\u003e `[E]`  Event\u003cbr\u003e","isFullCredit":false},{"lineNumber":50,"author":{"gitId":"beaniestanley"},"content":"\u003e `[D]`  Deadline\u003cbr\u003e","isFullCredit":false},{"lineNumber":51,"author":{"gitId":"beaniestanley"},"content":"","isFullCredit":false},{"lineNumber":52,"author":{"gitId":"beaniestanley"},"content":"\u003e `[X]`  Done\u003cbr\u003e","isFullCredit":false},{"lineNumber":53,"author":{"gitId":"beaniestanley"},"content":"\u003e `[ ]`  Not done","isFullCredit":false},{"lineNumber":54,"author":{"gitId":"beaniestanley"},"content":"","isFullCredit":false},{"lineNumber":55,"author":{"gitId":"beaniestanley"},"content":"**Format:** `list`","isFullCredit":false},{"lineNumber":56,"author":{"gitId":"beaniestanley"},"content":"","isFullCredit":false},{"lineNumber":57,"author":{"gitId":"beaniestanley"},"content":"| | Example |","isFullCredit":false},{"lineNumber":58,"author":{"gitId":"beaniestanley"},"content":"| --------- | ------------------------------------------------------- |","isFullCredit":false},{"lineNumber":59,"author":{"gitId":"beaniestanley"},"content":"| Input | `list` |","isFullCredit":false},{"lineNumber":60,"author":{"gitId":"beaniestanley"},"content":"| Output | `Here are the tasks in your list: ` \u003cbr\u003e`1.[T][ ] Exercise`\u003cbr\u003e`2.[E][X] Meet friends (at: May 22nd 5pm)`\u003cbr\u003e`3.[D][ ] Watch lecture (by: Sunday 3pm)` |","isFullCredit":false},{"lineNumber":61,"author":{"gitId":"beaniestanley"},"content":"","isFullCredit":false},{"lineNumber":62,"author":{"gitId":"beaniestanley"},"content":"\u0026nbsp;","isFullCredit":false},{"lineNumber":63,"author":{"gitId":"beaniestanley"},"content":"","isFullCredit":false},{"lineNumber":64,"author":{"gitId":"beaniestanley"},"content":"### Add ToDo : `todo`","isFullCredit":false},{"lineNumber":65,"author":{"gitId":"beaniestanley"},"content":"","isFullCredit":false},{"lineNumber":66,"author":{"gitId":"beaniestanley"},"content":"Adds a Todo with description.\u003cbr\u003e","isFullCredit":false},{"lineNumber":67,"author":{"gitId":"beaniestanley"},"content":"**Format:** `todo \u003cdescription\u003e`","isFullCredit":false},{"lineNumber":68,"author":{"gitId":"beaniestanley"},"content":"","isFullCredit":false},{"lineNumber":69,"author":{"gitId":"beaniestanley"},"content":"| | Example |","isFullCredit":false},{"lineNumber":70,"author":{"gitId":"beaniestanley"},"content":"| --------- | ------------------------------------------------------- |","isFullCredit":false},{"lineNumber":71,"author":{"gitId":"beaniestanley"},"content":"| Input | `todo eat apple` |","isFullCredit":false},{"lineNumber":72,"author":{"gitId":"beaniestanley"},"content":"| Output | `Got it. I\u0027ve added this task:`\u003cbr\u003e`[T][ ] eat apple`\u003cbr\u003e`Now you have 4 tasks in the list.` |","isFullCredit":false},{"lineNumber":73,"author":{"gitId":"beaniestanley"},"content":"","isFullCredit":false},{"lineNumber":74,"author":{"gitId":"beaniestanley"},"content":"\u0026nbsp;","isFullCredit":false},{"lineNumber":75,"author":{"gitId":"beaniestanley"},"content":"","isFullCredit":false},{"lineNumber":76,"author":{"gitId":"beaniestanley"},"content":"### Add Event : `event`","isFullCredit":false},{"lineNumber":77,"author":{"gitId":"beaniestanley"},"content":"","isFullCredit":false},{"lineNumber":78,"author":{"gitId":"beaniestanley"},"content":"Adds an event with description and datetime.\u003cbr\u003e","isFullCredit":false},{"lineNumber":79,"author":{"gitId":"beaniestanley"},"content":"**Format:** `event \u003cdescription\u003e /at \u003cdatetime\u003e`","isFullCredit":false},{"lineNumber":80,"author":{"gitId":"beaniestanley"},"content":"","isFullCredit":false},{"lineNumber":81,"author":{"gitId":"beaniestanley"},"content":"| | Example |","isFullCredit":false},{"lineNumber":82,"author":{"gitId":"beaniestanley"},"content":"| --------- | ------------------------------------------------------- |","isFullCredit":false},{"lineNumber":83,"author":{"gitId":"beaniestanley"},"content":"| Input | `Celebrate May\u0027s birthday /at 05/06/2021 1900` |","isFullCredit":false},{"lineNumber":84,"author":{"gitId":"beaniestanley"},"content":"| Output | `Got it. I\u0027ve added this task:`\u003cbr\u003e`[E][ ] party (at: 05/06/2021 1900)`\u003cbr\u003e`Now you have 5 tasks in the list.` |`","isFullCredit":false},{"lineNumber":85,"author":{"gitId":"beaniestanley"},"content":"","isFullCredit":false},{"lineNumber":86,"author":{"gitId":"beaniestanley"},"content":"\u0026nbsp;","isFullCredit":false},{"lineNumber":87,"author":{"gitId":"beaniestanley"},"content":"","isFullCredit":false},{"lineNumber":88,"author":{"gitId":"beaniestanley"},"content":"### Add Deadline : `deadline`","isFullCredit":false},{"lineNumber":89,"author":{"gitId":"beaniestanley"},"content":"","isFullCredit":false},{"lineNumber":90,"author":{"gitId":"beaniestanley"},"content":"Adds a deadline with description and datetime.\u003cbr\u003e","isFullCredit":false},{"lineNumber":91,"author":{"gitId":"beaniestanley"},"content":"**Format:** `deadline \u003cdescription\u003e /by \u003cdatetime\u003e`","isFullCredit":false},{"lineNumber":92,"author":{"gitId":"beaniestanley"},"content":"","isFullCredit":false},{"lineNumber":93,"author":{"gitId":"beaniestanley"},"content":"| | Example |","isFullCredit":false},{"lineNumber":94,"author":{"gitId":"beaniestanley"},"content":"| --------- | ------------------------------------------------------- |","isFullCredit":false},{"lineNumber":95,"author":{"gitId":"beaniestanley"},"content":"| Input | `deadline Finish iP /by Sunday 3pm` |","isFullCredit":false},{"lineNumber":96,"author":{"gitId":"beaniestanley"},"content":"| Output | `Got it. I\u0027ve added this task:`\u003cbr\u003e`[D][ ] Finish iP (by: Sunday 3pm)`\u003cbr\u003e`Now you have 6 tasks in the list.` |","isFullCredit":false},{"lineNumber":97,"author":{"gitId":"beaniestanley"},"content":"","isFullCredit":false},{"lineNumber":98,"author":{"gitId":"beaniestanley"},"content":"\u0026nbsp;","isFullCredit":false},{"lineNumber":99,"author":{"gitId":"beaniestanley"},"content":"","isFullCredit":false},{"lineNumber":100,"author":{"gitId":"beaniestanley"},"content":"### Delete Task : `delete`","isFullCredit":false},{"lineNumber":101,"author":{"gitId":"beaniestanley"},"content":"","isFullCredit":false},{"lineNumber":102,"author":{"gitId":"beaniestanley"},"content":"Deletes a task using specified index.\u003cbr\u003e","isFullCredit":false},{"lineNumber":103,"author":{"gitId":"beaniestanley"},"content":"**Format:** `delete \u003cindex\u003e `","isFullCredit":false},{"lineNumber":104,"author":{"gitId":"beaniestanley"},"content":"","isFullCredit":false},{"lineNumber":105,"author":{"gitId":"beaniestanley"},"content":"| | Example |","isFullCredit":false},{"lineNumber":106,"author":{"gitId":"beaniestanley"},"content":"| --------- | ------------------------------------------------------- |","isFullCredit":false},{"lineNumber":107,"author":{"gitId":"beaniestanley"},"content":"| Input | `delete 6` |","isFullCredit":false},{"lineNumber":108,"author":{"gitId":"beaniestanley"},"content":"| Output | `Noted, I\u0027ve removed this task:`\u003cbr\u003e`[D][ ] Finish iP (by:  Sunday 3pm)` |","isFullCredit":false},{"lineNumber":109,"author":{"gitId":"beaniestanley"},"content":"","isFullCredit":false},{"lineNumber":110,"author":{"gitId":"beaniestanley"},"content":"\u0026nbsp;","isFullCredit":false},{"lineNumber":111,"author":{"gitId":"beaniestanley"},"content":"","isFullCredit":false},{"lineNumber":112,"author":{"gitId":"beaniestanley"},"content":"### Mark Task As Done : `done`","isFullCredit":false},{"lineNumber":113,"author":{"gitId":"beaniestanley"},"content":"","isFullCredit":false},{"lineNumber":114,"author":{"gitId":"beaniestanley"},"content":"Marks task as done.\u003cbr\u003e","isFullCredit":false},{"lineNumber":115,"author":{"gitId":"beaniestanley"},"content":"**Format:** `done \u003cindex\u003e`","isFullCredit":false},{"lineNumber":116,"author":{"gitId":"beaniestanley"},"content":"","isFullCredit":false},{"lineNumber":117,"author":{"gitId":"beaniestanley"},"content":"| | Example |","isFullCredit":false},{"lineNumber":118,"author":{"gitId":"beaniestanley"},"content":"| --------- | ------------------------------------------------------- |","isFullCredit":false},{"lineNumber":119,"author":{"gitId":"beaniestanley"},"content":"| Input | `done 5` |","isFullCredit":false},{"lineNumber":120,"author":{"gitId":"beaniestanley"},"content":"| Output | `Great job! I\u0027ve marked this task as done:`\u003cbr\u003e`[X] party` |","isFullCredit":false},{"lineNumber":121,"author":{"gitId":"beaniestanley"},"content":"","isFullCredit":false},{"lineNumber":122,"author":{"gitId":"beaniestanley"},"content":"\u0026nbsp;","isFullCredit":false},{"lineNumber":123,"author":{"gitId":"beaniestanley"},"content":"","isFullCredit":false},{"lineNumber":124,"author":{"gitId":"beaniestanley"},"content":"### Find by Keyword : `find`","isFullCredit":false},{"lineNumber":125,"author":{"gitId":"beaniestanley"},"content":"","isFullCredit":false},{"lineNumber":126,"author":{"gitId":"beaniestanley"},"content":"Displays all tasks containing the keyword.\u003cbr\u003e","isFullCredit":false},{"lineNumber":127,"author":{"gitId":"beaniestanley"},"content":"**Format:** `find \u003ckeyword\u003e`","isFullCredit":false},{"lineNumber":128,"author":{"gitId":"-"},"content":"","isFullCredit":false},{"lineNumber":129,"author":{"gitId":"beaniestanley"},"content":"| | Example |","isFullCredit":false},{"lineNumber":130,"author":{"gitId":"beaniestanley"},"content":"| --------- | ------------------------------------------------------- |","isFullCredit":false},{"lineNumber":131,"author":{"gitId":"beaniestanley"},"content":"| Input | `find project` |","isFullCredit":false},{"lineNumber":132,"author":{"gitId":"beaniestanley"},"content":"| Output | `Here are the matching tasks in your list:`\u003cbr\u003e`1. [T][ ] do project` |","isFullCredit":false},{"lineNumber":133,"author":{"gitId":"-"},"content":"","isFullCredit":false},{"lineNumber":134,"author":{"gitId":"beaniestanley"},"content":"\u0026nbsp;","isFullCredit":false},{"lineNumber":135,"author":{"gitId":"-"},"content":"","isFullCredit":false},{"lineNumber":136,"author":{"gitId":"beaniestanley"},"content":"### Exit : `bye`","isFullCredit":false},{"lineNumber":137,"author":{"gitId":"-"},"content":"","isFullCredit":false},{"lineNumber":138,"author":{"gitId":"beaniestanley"},"content":"Exits Application.\u003cbr\u003e","isFullCredit":false},{"lineNumber":139,"author":{"gitId":"beaniestanley"},"content":"**Format:** `bye`","isFullCredit":false},{"lineNumber":140,"author":{"gitId":"-"},"content":"","isFullCredit":false},{"lineNumber":141,"author":{"gitId":"beaniestanley"},"content":"\u0026nbsp;","isFullCredit":false},{"lineNumber":142,"author":{"gitId":"-"},"content":"","isFullCredit":false},{"lineNumber":143,"author":{"gitId":"beaniestanley"},"content":"## Command summary","isFullCredit":false},{"lineNumber":144,"author":{"gitId":"-"},"content":"","isFullCredit":false},{"lineNumber":145,"author":{"gitId":"beaniestanley"},"content":"| Command | Format |","isFullCredit":false},{"lineNumber":146,"author":{"gitId":"beaniestanley"},"content":"| --------- | ------------------------------------------------------- |","isFullCredit":false},{"lineNumber":147,"author":{"gitId":"beaniestanley"},"content":"| list | `list` |","isFullCredit":false},{"lineNumber":148,"author":{"gitId":"beaniestanley"},"content":"| todo | `todo \u003cdescription\u003e` |","isFullCredit":false},{"lineNumber":149,"author":{"gitId":"beaniestanley"},"content":"| event | `event \u003cdescription\u003e /at \u003cdatetime\u003e` |","isFullCredit":false},{"lineNumber":150,"author":{"gitId":"beaniestanley"},"content":"| deadline | `deadline \u003cdescription\u003e /by \u003cdatetime\u003e` |","isFullCredit":false},{"lineNumber":151,"author":{"gitId":"beaniestanley"},"content":"| delete | `delete \u003cindex\u003e` |","isFullCredit":false},{"lineNumber":152,"author":{"gitId":"beaniestanley"},"content":"| done | `done \u003cindex\u003e` |","isFullCredit":false},{"lineNumber":153,"author":{"gitId":"beaniestanley"},"content":"| find | `find \u003ckeyword\u003e` |","isFullCredit":false},{"lineNumber":154,"author":{"gitId":"beaniestanley"},"content":"| bye | `bye` |","isFullCredit":false}],"authorContributionMap":{"beaniestanley":135,"-":19}},{"path":"src/main/java/Classes/Deadline.java","fileType":"java","lines":[{"lineNumber":1,"author":{"gitId":"beaniestanley"},"content":"package Classes;","isFullCredit":false},{"lineNumber":2,"author":{"gitId":"beaniestanley"},"content":"","isFullCredit":false},{"lineNumber":3,"author":{"gitId":"beaniestanley"},"content":"public class Deadline extends Task {","isFullCredit":false},{"lineNumber":4,"author":{"gitId":"beaniestanley"},"content":"    protected String by;","isFullCredit":false},{"lineNumber":5,"author":{"gitId":"beaniestanley"},"content":"","isFullCredit":false},{"lineNumber":6,"author":{"gitId":"beaniestanley"},"content":"    public Deadline(String description, boolean isDone, String by) {","isFullCredit":false},{"lineNumber":7,"author":{"gitId":"beaniestanley"},"content":"        super(description, isDone);","isFullCredit":false},{"lineNumber":8,"author":{"gitId":"beaniestanley"},"content":"        this.by \u003d by;","isFullCredit":false},{"lineNumber":9,"author":{"gitId":"beaniestanley"},"content":"    }","isFullCredit":false},{"lineNumber":10,"author":{"gitId":"beaniestanley"},"content":"","isFullCredit":false},{"lineNumber":11,"author":{"gitId":"beaniestanley"},"content":"    /**","isFullCredit":false},{"lineNumber":12,"author":{"gitId":"beaniestanley"},"content":"     * @return String containing description of Deadline task","isFullCredit":false},{"lineNumber":13,"author":{"gitId":"beaniestanley"},"content":"     */","isFullCredit":false},{"lineNumber":14,"author":{"gitId":"beaniestanley"},"content":"    @Override","isFullCredit":false},{"lineNumber":15,"author":{"gitId":"beaniestanley"},"content":"    public String toString() {","isFullCredit":false},{"lineNumber":16,"author":{"gitId":"beaniestanley"},"content":"        return \"[D]\" + super.toString() + \"(by: \" + this.by + \")\";","isFullCredit":false},{"lineNumber":17,"author":{"gitId":"beaniestanley"},"content":"    }","isFullCredit":false},{"lineNumber":18,"author":{"gitId":"beaniestanley"},"content":"","isFullCredit":false},{"lineNumber":19,"author":{"gitId":"beaniestanley"},"content":"    /**","isFullCredit":false},{"lineNumber":20,"author":{"gitId":"beaniestanley"},"content":"     * @return String of formatted data to be written into the text file","isFullCredit":false},{"lineNumber":21,"author":{"gitId":"beaniestanley"},"content":"     */","isFullCredit":false},{"lineNumber":22,"author":{"gitId":"beaniestanley"},"content":"    public String formatString() {","isFullCredit":false},{"lineNumber":23,"author":{"gitId":"beaniestanley"},"content":"        int done \u003d (isDone ? 1 : 0);","isFullCredit":false},{"lineNumber":24,"author":{"gitId":"beaniestanley"},"content":"        return \"D-\" + done + \"-\" + description + \"-\" + by + \"\\n\";","isFullCredit":false},{"lineNumber":25,"author":{"gitId":"beaniestanley"},"content":"    }","isFullCredit":false},{"lineNumber":26,"author":{"gitId":"beaniestanley"},"content":"}","isFullCredit":false}],"authorContributionMap":{"beaniestanley":26}},{"path":"src/main/java/Classes/Event.java","fileType":"java","lines":[{"lineNumber":1,"author":{"gitId":"beaniestanley"},"content":"package Classes;","isFullCredit":false},{"lineNumber":2,"author":{"gitId":"beaniestanley"},"content":"","isFullCredit":false},{"lineNumber":3,"author":{"gitId":"beaniestanley"},"content":"public class Event extends Task {","isFullCredit":false},{"lineNumber":4,"author":{"gitId":"beaniestanley"},"content":"    protected String at;","isFullCredit":false},{"lineNumber":5,"author":{"gitId":"beaniestanley"},"content":"","isFullCredit":false},{"lineNumber":6,"author":{"gitId":"beaniestanley"},"content":"    public Event(String description, boolean isDone, String at) {","isFullCredit":false},{"lineNumber":7,"author":{"gitId":"beaniestanley"},"content":"        super(description, isDone);","isFullCredit":false},{"lineNumber":8,"author":{"gitId":"beaniestanley"},"content":"        this.at\u003d at;","isFullCredit":false},{"lineNumber":9,"author":{"gitId":"beaniestanley"},"content":"    }","isFullCredit":false},{"lineNumber":10,"author":{"gitId":"beaniestanley"},"content":"","isFullCredit":false},{"lineNumber":11,"author":{"gitId":"beaniestanley"},"content":"    /**","isFullCredit":false},{"lineNumber":12,"author":{"gitId":"beaniestanley"},"content":"     * @return String String containing description of Event task","isFullCredit":false},{"lineNumber":13,"author":{"gitId":"beaniestanley"},"content":"     */","isFullCredit":false},{"lineNumber":14,"author":{"gitId":"beaniestanley"},"content":"    @Override","isFullCredit":false},{"lineNumber":15,"author":{"gitId":"beaniestanley"},"content":"    public String toString() {","isFullCredit":false},{"lineNumber":16,"author":{"gitId":"beaniestanley"},"content":"        return \"[E]\" + super.toString() + \"(at: \" + this.at + \")\";","isFullCredit":false},{"lineNumber":17,"author":{"gitId":"beaniestanley"},"content":"    }","isFullCredit":false},{"lineNumber":18,"author":{"gitId":"beaniestanley"},"content":"","isFullCredit":false},{"lineNumber":19,"author":{"gitId":"beaniestanley"},"content":"    /**","isFullCredit":false},{"lineNumber":20,"author":{"gitId":"beaniestanley"},"content":"     * @return String of formatted data to be written into the text file","isFullCredit":false},{"lineNumber":21,"author":{"gitId":"beaniestanley"},"content":"     */","isFullCredit":false},{"lineNumber":22,"author":{"gitId":"beaniestanley"},"content":"    public String formatString() {","isFullCredit":false},{"lineNumber":23,"author":{"gitId":"beaniestanley"},"content":"        int done \u003d (isDone ? 1 : 0);","isFullCredit":false},{"lineNumber":24,"author":{"gitId":"beaniestanley"},"content":"        return \"E-\" + done + \"-\" + description + \"-\" + at + \"\\n\";","isFullCredit":false},{"lineNumber":25,"author":{"gitId":"beaniestanley"},"content":"    }","isFullCredit":false},{"lineNumber":26,"author":{"gitId":"beaniestanley"},"content":"}","isFullCredit":false},{"lineNumber":27,"author":{"gitId":"beaniestanley"},"content":"","isFullCredit":false}],"authorContributionMap":{"beaniestanley":27}},{"path":"src/main/java/Classes/Task.java","fileType":"java","lines":[{"lineNumber":1,"author":{"gitId":"beaniestanley"},"content":"package Classes;","isFullCredit":false},{"lineNumber":2,"author":{"gitId":"beaniestanley"},"content":"","isFullCredit":false},{"lineNumber":3,"author":{"gitId":"beaniestanley"},"content":"public abstract class Task {","isFullCredit":false},{"lineNumber":4,"author":{"gitId":"beaniestanley"},"content":"    protected String description;","isFullCredit":false},{"lineNumber":5,"author":{"gitId":"beaniestanley"},"content":"    protected boolean isDone;","isFullCredit":false},{"lineNumber":6,"author":{"gitId":"beaniestanley"},"content":"","isFullCredit":false},{"lineNumber":7,"author":{"gitId":"beaniestanley"},"content":"    public Task(String description) {","isFullCredit":false},{"lineNumber":8,"author":{"gitId":"beaniestanley"},"content":"        this.description \u003d description;","isFullCredit":false},{"lineNumber":9,"author":{"gitId":"beaniestanley"},"content":"        this.isDone \u003d false;","isFullCredit":false},{"lineNumber":10,"author":{"gitId":"beaniestanley"},"content":"    }","isFullCredit":false},{"lineNumber":11,"author":{"gitId":"beaniestanley"},"content":"","isFullCredit":false},{"lineNumber":12,"author":{"gitId":"beaniestanley"},"content":"    public Task(String description, boolean isDone) {","isFullCredit":false},{"lineNumber":13,"author":{"gitId":"beaniestanley"},"content":"        this.description \u003d description;","isFullCredit":false},{"lineNumber":14,"author":{"gitId":"beaniestanley"},"content":"        this.isDone \u003d isDone;","isFullCredit":false},{"lineNumber":15,"author":{"gitId":"beaniestanley"},"content":"    }","isFullCredit":false},{"lineNumber":16,"author":{"gitId":"beaniestanley"},"content":"","isFullCredit":false},{"lineNumber":17,"author":{"gitId":"beaniestanley"},"content":"    /**","isFullCredit":false},{"lineNumber":18,"author":{"gitId":"beaniestanley"},"content":"     * @return String with a cross sign if a Task is done, else no cross","isFullCredit":false},{"lineNumber":19,"author":{"gitId":"beaniestanley"},"content":"     */","isFullCredit":false},{"lineNumber":20,"author":{"gitId":"beaniestanley"},"content":"    public String getStatusIcon() {","isFullCredit":false},{"lineNumber":21,"author":{"gitId":"beaniestanley"},"content":"        return (isDone ? \"X\" : \" \");","isFullCredit":false},{"lineNumber":22,"author":{"gitId":"beaniestanley"},"content":"    }","isFullCredit":false},{"lineNumber":23,"author":{"gitId":"beaniestanley"},"content":"","isFullCredit":false},{"lineNumber":24,"author":{"gitId":"beaniestanley"},"content":"    /**","isFullCredit":false},{"lineNumber":25,"author":{"gitId":"beaniestanley"},"content":"     * @return String with description of Task","isFullCredit":false},{"lineNumber":26,"author":{"gitId":"beaniestanley"},"content":"     */","isFullCredit":false},{"lineNumber":27,"author":{"gitId":"beaniestanley"},"content":"    public String getDescription() {","isFullCredit":false},{"lineNumber":28,"author":{"gitId":"beaniestanley"},"content":"        return this.description;","isFullCredit":false},{"lineNumber":29,"author":{"gitId":"beaniestanley"},"content":"    }","isFullCredit":false},{"lineNumber":30,"author":{"gitId":"beaniestanley"},"content":"","isFullCredit":false},{"lineNumber":31,"author":{"gitId":"beaniestanley"},"content":"    /**","isFullCredit":false},{"lineNumber":32,"author":{"gitId":"beaniestanley"},"content":"     * Marks a Task as done","isFullCredit":false},{"lineNumber":33,"author":{"gitId":"beaniestanley"},"content":"     */","isFullCredit":false},{"lineNumber":34,"author":{"gitId":"beaniestanley"},"content":"    public void markAsDone() {","isFullCredit":false},{"lineNumber":35,"author":{"gitId":"beaniestanley"},"content":"        this.isDone \u003d true;","isFullCredit":false},{"lineNumber":36,"author":{"gitId":"beaniestanley"},"content":"    }","isFullCredit":false},{"lineNumber":37,"author":{"gitId":"beaniestanley"},"content":"","isFullCredit":false},{"lineNumber":38,"author":{"gitId":"beaniestanley"},"content":"    /**","isFullCredit":false},{"lineNumber":39,"author":{"gitId":"beaniestanley"},"content":"     * @return String contains whether the Task is done and its description","isFullCredit":false},{"lineNumber":40,"author":{"gitId":"beaniestanley"},"content":"     */","isFullCredit":false},{"lineNumber":41,"author":{"gitId":"beaniestanley"},"content":"    public String toString() {","isFullCredit":false},{"lineNumber":42,"author":{"gitId":"beaniestanley"},"content":"        return \"[\" + getStatusIcon() + \"] \" + getDescription();","isFullCredit":false},{"lineNumber":43,"author":{"gitId":"beaniestanley"},"content":"    }","isFullCredit":false},{"lineNumber":44,"author":{"gitId":"beaniestanley"},"content":"","isFullCredit":false},{"lineNumber":45,"author":{"gitId":"beaniestanley"},"content":"    /**","isFullCredit":false},{"lineNumber":46,"author":{"gitId":"beaniestanley"},"content":"     * @return String of formatted data to be written into the text file","isFullCredit":false},{"lineNumber":47,"author":{"gitId":"beaniestanley"},"content":"     */","isFullCredit":false},{"lineNumber":48,"author":{"gitId":"beaniestanley"},"content":"    public abstract String formatString();","isFullCredit":false},{"lineNumber":49,"author":{"gitId":"beaniestanley"},"content":"}","isFullCredit":false}],"authorContributionMap":{"beaniestanley":49}},{"path":"src/main/java/Classes/Todo.java","fileType":"java","lines":[{"lineNumber":1,"author":{"gitId":"beaniestanley"},"content":"package Classes;","isFullCredit":false},{"lineNumber":2,"author":{"gitId":"beaniestanley"},"content":"","isFullCredit":false},{"lineNumber":3,"author":{"gitId":"beaniestanley"},"content":"public class Todo extends Task {","isFullCredit":false},{"lineNumber":4,"author":{"gitId":"beaniestanley"},"content":"","isFullCredit":false},{"lineNumber":5,"author":{"gitId":"beaniestanley"},"content":"    public Todo(String description, boolean isDone) {","isFullCredit":false},{"lineNumber":6,"author":{"gitId":"beaniestanley"},"content":"        super(description, isDone);","isFullCredit":false},{"lineNumber":7,"author":{"gitId":"beaniestanley"},"content":"    }","isFullCredit":false},{"lineNumber":8,"author":{"gitId":"beaniestanley"},"content":"","isFullCredit":false},{"lineNumber":9,"author":{"gitId":"beaniestanley"},"content":"    /**","isFullCredit":false},{"lineNumber":10,"author":{"gitId":"beaniestanley"},"content":"     * @return String containing description of Todo task","isFullCredit":false},{"lineNumber":11,"author":{"gitId":"beaniestanley"},"content":"     */","isFullCredit":false},{"lineNumber":12,"author":{"gitId":"beaniestanley"},"content":"    @Override","isFullCredit":false},{"lineNumber":13,"author":{"gitId":"beaniestanley"},"content":"    public String toString() {","isFullCredit":false},{"lineNumber":14,"author":{"gitId":"beaniestanley"},"content":"        return \"[T]\" + super.toString();","isFullCredit":false},{"lineNumber":15,"author":{"gitId":"beaniestanley"},"content":"    }","isFullCredit":false},{"lineNumber":16,"author":{"gitId":"beaniestanley"},"content":"","isFullCredit":false},{"lineNumber":17,"author":{"gitId":"beaniestanley"},"content":"    /**","isFullCredit":false},{"lineNumber":18,"author":{"gitId":"beaniestanley"},"content":"     * @return String of formatted data to be written into the text file","isFullCredit":false},{"lineNumber":19,"author":{"gitId":"beaniestanley"},"content":"     */","isFullCredit":false},{"lineNumber":20,"author":{"gitId":"beaniestanley"},"content":"    public String formatString() {","isFullCredit":false},{"lineNumber":21,"author":{"gitId":"beaniestanley"},"content":"        int done \u003d (isDone ? 1 : 0);","isFullCredit":false},{"lineNumber":22,"author":{"gitId":"beaniestanley"},"content":"        return \"T-\" + done + \"-\" + description + \"\\n\";","isFullCredit":false},{"lineNumber":23,"author":{"gitId":"beaniestanley"},"content":"    }","isFullCredit":false},{"lineNumber":24,"author":{"gitId":"beaniestanley"},"content":"}","isFullCredit":false}],"authorContributionMap":{"beaniestanley":24}},{"path":"src/main/java/Duke.java","fileType":"java","lines":[{"lineNumber":1,"author":{"gitId":"beaniestanley"},"content":"import Classes.Deadline;","isFullCredit":false},{"lineNumber":2,"author":{"gitId":"beaniestanley"},"content":"import Classes.Event;","isFullCredit":false},{"lineNumber":3,"author":{"gitId":"beaniestanley"},"content":"import Classes.Task;","isFullCredit":false},{"lineNumber":4,"author":{"gitId":"beaniestanley"},"content":"import Classes.Todo;","isFullCredit":false},{"lineNumber":5,"author":{"gitId":"beaniestanley"},"content":"","isFullCredit":false},{"lineNumber":6,"author":{"gitId":"beaniestanley"},"content":"import java.util.ArrayList;","isFullCredit":false},{"lineNumber":7,"author":{"gitId":"beaniestanley"},"content":"import java.util.Scanner;","isFullCredit":false},{"lineNumber":8,"author":{"gitId":"beaniestanley"},"content":"","isFullCredit":false},{"lineNumber":9,"author":{"gitId":"beaniestanley"},"content":"import java.io.File;","isFullCredit":false},{"lineNumber":10,"author":{"gitId":"beaniestanley"},"content":"import java.io.FileNotFoundException;","isFullCredit":false},{"lineNumber":11,"author":{"gitId":"beaniestanley"},"content":"import java.io.FileWriter;","isFullCredit":false},{"lineNumber":12,"author":{"gitId":"beaniestanley"},"content":"import java.io.IOException;","isFullCredit":false},{"lineNumber":13,"author":{"gitId":"beaniestanley"},"content":"","isFullCredit":false},{"lineNumber":14,"author":{"gitId":"-"},"content":"public class Duke {","isFullCredit":false},{"lineNumber":15,"author":{"gitId":"beaniestanley"},"content":"    public static final ArrayList\u003cTask\u003e tasks \u003d new ArrayList\u003c\u003e();","isFullCredit":false},{"lineNumber":16,"author":{"gitId":"beaniestanley"},"content":"","isFullCredit":false},{"lineNumber":17,"author":{"gitId":"-"},"content":"    public static void main(String[] args) {","isFullCredit":false},{"lineNumber":18,"author":{"gitId":"-"},"content":"        String logo \u003d \" ____        _        \\n\"","isFullCredit":false},{"lineNumber":19,"author":{"gitId":"-"},"content":"                + \"|  _ \\\\ _   _| | _____ \\n\"","isFullCredit":false},{"lineNumber":20,"author":{"gitId":"-"},"content":"                + \"| | | | | | | |/ / _ \\\\\\n\"","isFullCredit":false},{"lineNumber":21,"author":{"gitId":"-"},"content":"                + \"| |_| | |_| |   \u003c  __/\\n\"","isFullCredit":false},{"lineNumber":22,"author":{"gitId":"-"},"content":"                + \"|____/ \\\\__,_|_|\\\\_\\\\___|\\n\";","isFullCredit":false},{"lineNumber":23,"author":{"gitId":"-"},"content":"        System.out.println(\"Hello from\\n\" + logo);","isFullCredit":false},{"lineNumber":24,"author":{"gitId":"beaniestanley"},"content":"","isFullCredit":false},{"lineNumber":25,"author":{"gitId":"beaniestanley"},"content":"        Scanner sc \u003d new Scanner(System.in);","isFullCredit":false},{"lineNumber":26,"author":{"gitId":"beaniestanley"},"content":"","isFullCredit":false},{"lineNumber":27,"author":{"gitId":"beaniestanley"},"content":"        try {","isFullCredit":false},{"lineNumber":28,"author":{"gitId":"beaniestanley"},"content":"            loadFile();","isFullCredit":false},{"lineNumber":29,"author":{"gitId":"beaniestanley"},"content":"            System.out.println(\"Save file loaded!\");","isFullCredit":false},{"lineNumber":30,"author":{"gitId":"beaniestanley"},"content":"        } catch (Exception e) {","isFullCredit":false},{"lineNumber":31,"author":{"gitId":"beaniestanley"},"content":"            System.out.println(\"No save files found.\");","isFullCredit":false},{"lineNumber":32,"author":{"gitId":"beaniestanley"},"content":"        }","isFullCredit":false},{"lineNumber":33,"author":{"gitId":"beaniestanley"},"content":"","isFullCredit":false},{"lineNumber":34,"author":{"gitId":"beaniestanley"},"content":"        System.out.println(\"\\t------------------------------------------\");","isFullCredit":false},{"lineNumber":35,"author":{"gitId":"beaniestanley"},"content":"        System.out.println(\"\\tHello there! I\u0027m Duke.\");","isFullCredit":false},{"lineNumber":36,"author":{"gitId":"beaniestanley"},"content":"        System.out.println(\"\\tWhat can I help you with?\");","isFullCredit":false},{"lineNumber":37,"author":{"gitId":"beaniestanley"},"content":"        System.out.println(\"\\t__________________________________________\\n\");","isFullCredit":false},{"lineNumber":38,"author":{"gitId":"beaniestanley"},"content":"","isFullCredit":false},{"lineNumber":39,"author":{"gitId":"beaniestanley"},"content":"        String userInput;","isFullCredit":false},{"lineNumber":40,"author":{"gitId":"beaniestanley"},"content":"        do {","isFullCredit":false},{"lineNumber":41,"author":{"gitId":"beaniestanley"},"content":"            userInput \u003d sc.nextLine();","isFullCredit":false},{"lineNumber":42,"author":{"gitId":"beaniestanley"},"content":"            dukeManager(userInput, tasks);","isFullCredit":false},{"lineNumber":43,"author":{"gitId":"beaniestanley"},"content":"        } while (!userInput.equals(\"bye\"));","isFullCredit":false},{"lineNumber":44,"author":{"gitId":"beaniestanley"},"content":"    }","isFullCredit":false},{"lineNumber":45,"author":{"gitId":"beaniestanley"},"content":"","isFullCredit":false},{"lineNumber":46,"author":{"gitId":"beaniestanley"},"content":"    /**","isFullCredit":false},{"lineNumber":47,"author":{"gitId":"beaniestanley"},"content":"     * Manager to handle logic","isFullCredit":false},{"lineNumber":48,"author":{"gitId":"beaniestanley"},"content":"     * @param input User\u0027s Input","isFullCredit":false},{"lineNumber":49,"author":{"gitId":"beaniestanley"},"content":"     * @param tasks Array List of Task","isFullCredit":false},{"lineNumber":50,"author":{"gitId":"beaniestanley"},"content":"     */","isFullCredit":false},{"lineNumber":51,"author":{"gitId":"beaniestanley"},"content":"    public static void dukeManager(String input, ArrayList\u003cTask\u003e tasks) {","isFullCredit":false},{"lineNumber":52,"author":{"gitId":"beaniestanley"},"content":"        String [] subString \u003d input.split(\" \");","isFullCredit":false},{"lineNumber":53,"author":{"gitId":"beaniestanley"},"content":"        String command \u003d subString[0];","isFullCredit":false},{"lineNumber":54,"author":{"gitId":"beaniestanley"},"content":"","isFullCredit":false},{"lineNumber":55,"author":{"gitId":"beaniestanley"},"content":"        switch (command) {","isFullCredit":false},{"lineNumber":56,"author":{"gitId":"beaniestanley"},"content":"        case \"bye\":","isFullCredit":false},{"lineNumber":57,"author":{"gitId":"beaniestanley"},"content":"            exitProgram();","isFullCredit":false},{"lineNumber":58,"author":{"gitId":"beaniestanley"},"content":"            try {","isFullCredit":false},{"lineNumber":59,"author":{"gitId":"beaniestanley"},"content":"                saveFile();","isFullCredit":false},{"lineNumber":60,"author":{"gitId":"beaniestanley"},"content":"            } catch (Exception e) {","isFullCredit":false},{"lineNumber":61,"author":{"gitId":"beaniestanley"},"content":"                System.out.println(\"Failed to save file.\");","isFullCredit":false},{"lineNumber":62,"author":{"gitId":"beaniestanley"},"content":"            }","isFullCredit":false},{"lineNumber":63,"author":{"gitId":"beaniestanley"},"content":"            break;","isFullCredit":false},{"lineNumber":64,"author":{"gitId":"beaniestanley"},"content":"        case \"list\":","isFullCredit":false},{"lineNumber":65,"author":{"gitId":"beaniestanley"},"content":"            listTasks(tasks);","isFullCredit":false},{"lineNumber":66,"author":{"gitId":"beaniestanley"},"content":"            break;","isFullCredit":false},{"lineNumber":67,"author":{"gitId":"beaniestanley"},"content":"        case \"done\":","isFullCredit":false},{"lineNumber":68,"author":{"gitId":"beaniestanley"},"content":"            markTask(input, tasks);","isFullCredit":false},{"lineNumber":69,"author":{"gitId":"beaniestanley"},"content":"            break;","isFullCredit":false},{"lineNumber":70,"author":{"gitId":"beaniestanley"},"content":"        case \"delete\":","isFullCredit":false},{"lineNumber":71,"author":{"gitId":"beaniestanley"},"content":"            deleteTask(input, tasks);","isFullCredit":false},{"lineNumber":72,"author":{"gitId":"beaniestanley"},"content":"            break;","isFullCredit":false},{"lineNumber":73,"author":{"gitId":"beaniestanley"},"content":"        case \"find\":","isFullCredit":false},{"lineNumber":74,"author":{"gitId":"beaniestanley"},"content":"            findTasks(input, tasks);","isFullCredit":false},{"lineNumber":75,"author":{"gitId":"beaniestanley"},"content":"            break;","isFullCredit":false},{"lineNumber":76,"author":{"gitId":"beaniestanley"},"content":"        default:","isFullCredit":false},{"lineNumber":77,"author":{"gitId":"beaniestanley"},"content":"            addTask(input, tasks);","isFullCredit":false},{"lineNumber":78,"author":{"gitId":"beaniestanley"},"content":"        }","isFullCredit":false},{"lineNumber":79,"author":{"gitId":"beaniestanley"},"content":"    }","isFullCredit":false},{"lineNumber":80,"author":{"gitId":"beaniestanley"},"content":"","isFullCredit":false},{"lineNumber":81,"author":{"gitId":"beaniestanley"},"content":"    /**","isFullCredit":false},{"lineNumber":82,"author":{"gitId":"beaniestanley"},"content":"     * Parses the data written in the text file into Task objects","isFullCredit":false},{"lineNumber":83,"author":{"gitId":"beaniestanley"},"content":"     * @param line String of data written in the text time","isFullCredit":false},{"lineNumber":84,"author":{"gitId":"beaniestanley"},"content":"     */","isFullCredit":false},{"lineNumber":85,"author":{"gitId":"beaniestanley"},"content":"    public static void parseData(String line) {","isFullCredit":false},{"lineNumber":86,"author":{"gitId":"beaniestanley"},"content":"        String[] tokens \u003d line.split(\"-\");","isFullCredit":false},{"lineNumber":87,"author":{"gitId":"beaniestanley"},"content":"","isFullCredit":false},{"lineNumber":88,"author":{"gitId":"beaniestanley"},"content":"        boolean isDone \u003d Integer.parseInt(tokens[1]) \u003d\u003d 1;","isFullCredit":false},{"lineNumber":89,"author":{"gitId":"beaniestanley"},"content":"","isFullCredit":false},{"lineNumber":90,"author":{"gitId":"beaniestanley"},"content":"        switch (tokens[0]) {","isFullCredit":false},{"lineNumber":91,"author":{"gitId":"beaniestanley"},"content":"        case \"T\":","isFullCredit":false},{"lineNumber":92,"author":{"gitId":"beaniestanley"},"content":"            try {","isFullCredit":false},{"lineNumber":93,"author":{"gitId":"beaniestanley"},"content":"                Todo todo \u003d new Todo(tokens[2], isDone);","isFullCredit":false},{"lineNumber":94,"author":{"gitId":"beaniestanley"},"content":"                tasks.add(todo);","isFullCredit":false},{"lineNumber":95,"author":{"gitId":"beaniestanley"},"content":"            } catch (NumberFormatException e) {","isFullCredit":false},{"lineNumber":96,"author":{"gitId":"beaniestanley"},"content":"                return;","isFullCredit":false},{"lineNumber":97,"author":{"gitId":"beaniestanley"},"content":"            }","isFullCredit":false},{"lineNumber":98,"author":{"gitId":"beaniestanley"},"content":"            break;","isFullCredit":false},{"lineNumber":99,"author":{"gitId":"beaniestanley"},"content":"        case \"D\":","isFullCredit":false},{"lineNumber":100,"author":{"gitId":"beaniestanley"},"content":"            try {","isFullCredit":false},{"lineNumber":101,"author":{"gitId":"beaniestanley"},"content":"                Deadline deadline \u003d new Deadline(tokens[2], isDone, tokens[3]);","isFullCredit":false},{"lineNumber":102,"author":{"gitId":"beaniestanley"},"content":"                tasks.add(deadline);","isFullCredit":false},{"lineNumber":103,"author":{"gitId":"beaniestanley"},"content":"            } catch (NumberFormatException e) {","isFullCredit":false},{"lineNumber":104,"author":{"gitId":"beaniestanley"},"content":"                return;","isFullCredit":false},{"lineNumber":105,"author":{"gitId":"beaniestanley"},"content":"            }","isFullCredit":false},{"lineNumber":106,"author":{"gitId":"beaniestanley"},"content":"            break;","isFullCredit":false},{"lineNumber":107,"author":{"gitId":"beaniestanley"},"content":"        case \"E\":","isFullCredit":false},{"lineNumber":108,"author":{"gitId":"beaniestanley"},"content":"            try {","isFullCredit":false},{"lineNumber":109,"author":{"gitId":"beaniestanley"},"content":"                Event event \u003d new Event(tokens[2], isDone, tokens[3]);","isFullCredit":false},{"lineNumber":110,"author":{"gitId":"beaniestanley"},"content":"                tasks.add(event);","isFullCredit":false},{"lineNumber":111,"author":{"gitId":"beaniestanley"},"content":"            } catch (NumberFormatException e) {","isFullCredit":false},{"lineNumber":112,"author":{"gitId":"beaniestanley"},"content":"                return;","isFullCredit":false},{"lineNumber":113,"author":{"gitId":"beaniestanley"},"content":"            }","isFullCredit":false},{"lineNumber":114,"author":{"gitId":"beaniestanley"},"content":"            break;","isFullCredit":false},{"lineNumber":115,"author":{"gitId":"beaniestanley"},"content":"        default:","isFullCredit":false},{"lineNumber":116,"author":{"gitId":"beaniestanley"},"content":"            System.out.println(\"Invalid data!\");","isFullCredit":false},{"lineNumber":117,"author":{"gitId":"beaniestanley"},"content":"            break;","isFullCredit":false},{"lineNumber":118,"author":{"gitId":"beaniestanley"},"content":"        }","isFullCredit":false},{"lineNumber":119,"author":{"gitId":"beaniestanley"},"content":"    }","isFullCredit":false},{"lineNumber":120,"author":{"gitId":"beaniestanley"},"content":"","isFullCredit":false},{"lineNumber":121,"author":{"gitId":"beaniestanley"},"content":"    /**","isFullCredit":false},{"lineNumber":122,"author":{"gitId":"beaniestanley"},"content":"     * Saves the current list of Tasks and writes them into a text file","isFullCredit":false},{"lineNumber":123,"author":{"gitId":"beaniestanley"},"content":"     * @throws IOException Exception while trying to create a new file","isFullCredit":false},{"lineNumber":124,"author":{"gitId":"beaniestanley"},"content":"     */","isFullCredit":false},{"lineNumber":125,"author":{"gitId":"beaniestanley"},"content":"    public static void saveFile() throws IOException {","isFullCredit":false},{"lineNumber":126,"author":{"gitId":"beaniestanley"},"content":"        File path \u003d new File(\"tasks.txt\");","isFullCredit":false},{"lineNumber":127,"author":{"gitId":"beaniestanley"},"content":"        if (!path.exists()) {","isFullCredit":false},{"lineNumber":128,"author":{"gitId":"beaniestanley"},"content":"            if (!path.createNewFile()) {","isFullCredit":false},{"lineNumber":129,"author":{"gitId":"beaniestanley"},"content":"                throw new IOException();","isFullCredit":false},{"lineNumber":130,"author":{"gitId":"beaniestanley"},"content":"            }","isFullCredit":false},{"lineNumber":131,"author":{"gitId":"beaniestanley"},"content":"        }","isFullCredit":false},{"lineNumber":132,"author":{"gitId":"beaniestanley"},"content":"        FileWriter fileWriter \u003d new FileWriter(path);","isFullCredit":false},{"lineNumber":133,"author":{"gitId":"beaniestanley"},"content":"        for (Task task : tasks) {","isFullCredit":false},{"lineNumber":134,"author":{"gitId":"beaniestanley"},"content":"            fileWriter.write(task.formatString());","isFullCredit":false},{"lineNumber":135,"author":{"gitId":"beaniestanley"},"content":"        }","isFullCredit":false},{"lineNumber":136,"author":{"gitId":"beaniestanley"},"content":"        fileWriter.close();","isFullCredit":false},{"lineNumber":137,"author":{"gitId":"beaniestanley"},"content":"    }","isFullCredit":false},{"lineNumber":138,"author":{"gitId":"beaniestanley"},"content":"","isFullCredit":false},{"lineNumber":139,"author":{"gitId":"beaniestanley"},"content":"    /**","isFullCredit":false},{"lineNumber":140,"author":{"gitId":"beaniestanley"},"content":"     * Loads the list of Tasks written in the text file","isFullCredit":false},{"lineNumber":141,"author":{"gitId":"beaniestanley"},"content":"     * @throws FileNotFoundException Exception when the text file does not exist","isFullCredit":false},{"lineNumber":142,"author":{"gitId":"beaniestanley"},"content":"     */","isFullCredit":false},{"lineNumber":143,"author":{"gitId":"beaniestanley"},"content":"    public static void loadFile() throws FileNotFoundException {","isFullCredit":false},{"lineNumber":144,"author":{"gitId":"beaniestanley"},"content":"        File path \u003d new File(\"tasks.txt\");","isFullCredit":false},{"lineNumber":145,"author":{"gitId":"beaniestanley"},"content":"        if (!path.exists()) {","isFullCredit":false},{"lineNumber":146,"author":{"gitId":"beaniestanley"},"content":"            throw new FileNotFoundException();","isFullCredit":false},{"lineNumber":147,"author":{"gitId":"beaniestanley"},"content":"        }","isFullCredit":false},{"lineNumber":148,"author":{"gitId":"beaniestanley"},"content":"        Scanner sc \u003d new Scanner(path);","isFullCredit":false},{"lineNumber":149,"author":{"gitId":"beaniestanley"},"content":"        try {","isFullCredit":false},{"lineNumber":150,"author":{"gitId":"beaniestanley"},"content":"            while (sc.hasNext()) {","isFullCredit":false},{"lineNumber":151,"author":{"gitId":"beaniestanley"},"content":"                String fileInput \u003d sc.nextLine();","isFullCredit":false},{"lineNumber":152,"author":{"gitId":"beaniestanley"},"content":"                parseData(fileInput);","isFullCredit":false},{"lineNumber":153,"author":{"gitId":"beaniestanley"},"content":"            }","isFullCredit":false},{"lineNumber":154,"author":{"gitId":"beaniestanley"},"content":"        } catch (Exception e) {","isFullCredit":false},{"lineNumber":155,"author":{"gitId":"beaniestanley"},"content":"            System.out.println(\"Load failed.\");","isFullCredit":false},{"lineNumber":156,"author":{"gitId":"beaniestanley"},"content":"            tasks.clear();","isFullCredit":false},{"lineNumber":157,"author":{"gitId":"beaniestanley"},"content":"        }","isFullCredit":false},{"lineNumber":158,"author":{"gitId":"beaniestanley"},"content":"    }","isFullCredit":false},{"lineNumber":159,"author":{"gitId":"beaniestanley"},"content":"","isFullCredit":false},{"lineNumber":160,"author":{"gitId":"beaniestanley"},"content":"    /**","isFullCredit":false},{"lineNumber":161,"author":{"gitId":"beaniestanley"},"content":"     * Exits the program","isFullCredit":false},{"lineNumber":162,"author":{"gitId":"beaniestanley"},"content":"     */","isFullCredit":false},{"lineNumber":163,"author":{"gitId":"beaniestanley"},"content":"    public static void exitProgram() {","isFullCredit":false},{"lineNumber":164,"author":{"gitId":"beaniestanley"},"content":"        // exits the program","isFullCredit":false},{"lineNumber":165,"author":{"gitId":"beaniestanley"},"content":"        System.out.println(\"\\t------------------------------------------\");","isFullCredit":false},{"lineNumber":166,"author":{"gitId":"beaniestanley"},"content":"        System.out.println(\"\\tSee you soon! Goodbye! ^.^\");","isFullCredit":false},{"lineNumber":167,"author":{"gitId":"beaniestanley"},"content":"        System.out.println(\"\\t__________________________________________\\n\");","isFullCredit":false},{"lineNumber":168,"author":{"gitId":"beaniestanley"},"content":"    }","isFullCredit":false},{"lineNumber":169,"author":{"gitId":"beaniestanley"},"content":"","isFullCredit":false},{"lineNumber":170,"author":{"gitId":"beaniestanley"},"content":"    /**","isFullCredit":false},{"lineNumber":171,"author":{"gitId":"beaniestanley"},"content":"     * Displays all the tasks stored in the Array List","isFullCredit":false},{"lineNumber":172,"author":{"gitId":"beaniestanley"},"content":"     * @param tasks Array List of Task","isFullCredit":false},{"lineNumber":173,"author":{"gitId":"beaniestanley"},"content":"     */","isFullCredit":false},{"lineNumber":174,"author":{"gitId":"beaniestanley"},"content":"    public static void listTasks(ArrayList\u003cTask\u003e tasks) {","isFullCredit":false},{"lineNumber":175,"author":{"gitId":"beaniestanley"},"content":"        System.out.println(\"\\t------------------------------------------\");","isFullCredit":false},{"lineNumber":176,"author":{"gitId":"beaniestanley"},"content":"        if (tasks.size() \u003d\u003d 0) {","isFullCredit":false},{"lineNumber":177,"author":{"gitId":"beaniestanley"},"content":"            // if list is empty","isFullCredit":false},{"lineNumber":178,"author":{"gitId":"beaniestanley"},"content":"            System.out.println(\"\\tYour list is empty!\");","isFullCredit":false},{"lineNumber":179,"author":{"gitId":"beaniestanley"},"content":"        }","isFullCredit":false},{"lineNumber":180,"author":{"gitId":"beaniestanley"},"content":"        else {","isFullCredit":false},{"lineNumber":181,"author":{"gitId":"beaniestanley"},"content":"            // displays the list of tasks","isFullCredit":false},{"lineNumber":182,"author":{"gitId":"beaniestanley"},"content":"            System.out.println(\"\\tHere are the tasks in your list: \");","isFullCredit":false},{"lineNumber":183,"author":{"gitId":"beaniestanley"},"content":"            int i \u003d 1;","isFullCredit":false},{"lineNumber":184,"author":{"gitId":"beaniestanley"},"content":"            for (Task task : tasks) {","isFullCredit":false},{"lineNumber":185,"author":{"gitId":"beaniestanley"},"content":"                System.out.println(\"\\t\" + i++ + \".\" + task.toString());","isFullCredit":false},{"lineNumber":186,"author":{"gitId":"beaniestanley"},"content":"            }","isFullCredit":false},{"lineNumber":187,"author":{"gitId":"beaniestanley"},"content":"        }","isFullCredit":false},{"lineNumber":188,"author":{"gitId":"beaniestanley"},"content":"        System.out.println(\"\\t__________________________________________\\n\");","isFullCredit":false},{"lineNumber":189,"author":{"gitId":"beaniestanley"},"content":"    }","isFullCredit":false},{"lineNumber":190,"author":{"gitId":"beaniestanley"},"content":"","isFullCredit":false},{"lineNumber":191,"author":{"gitId":"beaniestanley"},"content":"    /**","isFullCredit":false},{"lineNumber":192,"author":{"gitId":"beaniestanley"},"content":"     * Marks the specific task as done and notifies user the task is marked done","isFullCredit":false},{"lineNumber":193,"author":{"gitId":"beaniestanley"},"content":"     * @param userInput User\u0027s input","isFullCredit":false},{"lineNumber":194,"author":{"gitId":"beaniestanley"},"content":"     * @param tasks Array List of Task","isFullCredit":false},{"lineNumber":195,"author":{"gitId":"beaniestanley"},"content":"     * @throws NumberFormatException Exception when an integer is not given in the command","isFullCredit":false},{"lineNumber":196,"author":{"gitId":"beaniestanley"},"content":"     * @throws IndexOutOfBoundsException Exception when the input integer is out of bounds in the Array List","isFullCredit":false},{"lineNumber":197,"author":{"gitId":"beaniestanley"},"content":"     */","isFullCredit":false},{"lineNumber":198,"author":{"gitId":"beaniestanley"},"content":"    public static void markTask(String userInput, ArrayList\u003cTask\u003e tasks) throws NumberFormatException,","isFullCredit":false},{"lineNumber":199,"author":{"gitId":"beaniestanley"},"content":"            IndexOutOfBoundsException {","isFullCredit":false},{"lineNumber":200,"author":{"gitId":"beaniestanley"},"content":"        // check if task exists","isFullCredit":false},{"lineNumber":201,"author":{"gitId":"beaniestanley"},"content":"        System.out.println(\"\\t------------------------------------------\");","isFullCredit":false},{"lineNumber":202,"author":{"gitId":"beaniestanley"},"content":"        try {","isFullCredit":false},{"lineNumber":203,"author":{"gitId":"beaniestanley"},"content":"            int taskIndex \u003d Integer.parseInt(userInput.split(\" \")[1]) - 1;","isFullCredit":false},{"lineNumber":204,"author":{"gitId":"beaniestanley"},"content":"            if (taskIndex \u003e tasks.size()-1) {","isFullCredit":false},{"lineNumber":205,"author":{"gitId":"beaniestanley"},"content":"                System.out.println(\"\\tTask \" + ++taskIndex + \" does not exist! Please try again.\");","isFullCredit":false},{"lineNumber":206,"author":{"gitId":"beaniestanley"},"content":"            }","isFullCredit":false},{"lineNumber":207,"author":{"gitId":"beaniestanley"},"content":"            else {","isFullCredit":false},{"lineNumber":208,"author":{"gitId":"beaniestanley"},"content":"                // sets a task as done","isFullCredit":false},{"lineNumber":209,"author":{"gitId":"beaniestanley"},"content":"                Task task \u003d tasks.get(taskIndex);","isFullCredit":false},{"lineNumber":210,"author":{"gitId":"beaniestanley"},"content":"                task.markAsDone();","isFullCredit":false},{"lineNumber":211,"author":{"gitId":"beaniestanley"},"content":"                System.out.println(\"\\tGreat job! I\u0027ve marked this task as done: \");","isFullCredit":false},{"lineNumber":212,"author":{"gitId":"beaniestanley"},"content":"                System.out.println(\"\\t\" + task.toString());","isFullCredit":false},{"lineNumber":213,"author":{"gitId":"beaniestanley"},"content":"            }","isFullCredit":false},{"lineNumber":214,"author":{"gitId":"beaniestanley"},"content":"        }","isFullCredit":false},{"lineNumber":215,"author":{"gitId":"beaniestanley"},"content":"        catch (NumberFormatException e) {","isFullCredit":false},{"lineNumber":216,"author":{"gitId":"beaniestanley"},"content":"            System.out.println(\"\\tOOPS!! To mark task, you have to enter an integer following the work done \" +","isFullCredit":false},{"lineNumber":217,"author":{"gitId":"beaniestanley"},"content":"                    \"in this format e.g. \u0027done 3\u0027.\");","isFullCredit":false},{"lineNumber":218,"author":{"gitId":"beaniestanley"},"content":"        }","isFullCredit":false},{"lineNumber":219,"author":{"gitId":"beaniestanley"},"content":"        catch (IndexOutOfBoundsException e) {","isFullCredit":false},{"lineNumber":220,"author":{"gitId":"beaniestanley"},"content":"            System.out.println(\"\\tOOPS!! Invalid task input!\");","isFullCredit":false},{"lineNumber":221,"author":{"gitId":"beaniestanley"},"content":"        }","isFullCredit":false},{"lineNumber":222,"author":{"gitId":"beaniestanley"},"content":"        System.out.println(\"\\t__________________________________________\\n\");","isFullCredit":false},{"lineNumber":223,"author":{"gitId":"beaniestanley"},"content":"    }","isFullCredit":false},{"lineNumber":224,"author":{"gitId":"beaniestanley"},"content":"","isFullCredit":false},{"lineNumber":225,"author":{"gitId":"beaniestanley"},"content":"    /**","isFullCredit":false},{"lineNumber":226,"author":{"gitId":"beaniestanley"},"content":"     * Adds a new task to the list of Task","isFullCredit":false},{"lineNumber":227,"author":{"gitId":"beaniestanley"},"content":"     * @param userInput User\u0027s input","isFullCredit":false},{"lineNumber":228,"author":{"gitId":"beaniestanley"},"content":"     * @param tasks Array List of Task","isFullCredit":false},{"lineNumber":229,"author":{"gitId":"beaniestanley"},"content":"     * @throws StringIndexOutOfBoundsException Exception when wrong description format is entered","isFullCredit":false},{"lineNumber":230,"author":{"gitId":"beaniestanley"},"content":"     */","isFullCredit":false},{"lineNumber":231,"author":{"gitId":"beaniestanley"},"content":"    public static void addTask(String userInput, ArrayList\u003cTask\u003e tasks) throws StringIndexOutOfBoundsException {","isFullCredit":false},{"lineNumber":232,"author":{"gitId":"beaniestanley"},"content":"        // adds a task to the list","isFullCredit":false},{"lineNumber":233,"author":{"gitId":"beaniestanley"},"content":"        System.out.println(\"\\t------------------------------------------\");","isFullCredit":false},{"lineNumber":234,"author":{"gitId":"beaniestanley"},"content":"        switch (userInput.split(\" \")[0].toLowerCase()) {","isFullCredit":false},{"lineNumber":235,"author":{"gitId":"beaniestanley"},"content":"        case \"todo\":","isFullCredit":false},{"lineNumber":236,"author":{"gitId":"beaniestanley"},"content":"            // adds to-do tasks","isFullCredit":false},{"lineNumber":237,"author":{"gitId":"beaniestanley"},"content":"            try {","isFullCredit":false},{"lineNumber":238,"author":{"gitId":"beaniestanley"},"content":"                Task todo \u003d new Todo(userInput.substring(5), false);","isFullCredit":false},{"lineNumber":239,"author":{"gitId":"beaniestanley"},"content":"                tasks.add(todo);","isFullCredit":false},{"lineNumber":240,"author":{"gitId":"beaniestanley"},"content":"                System.out.println(\"\\tGot it. I\u0027ve added this task: \");","isFullCredit":false},{"lineNumber":241,"author":{"gitId":"beaniestanley"},"content":"                System.out.println(\"\\t\" + todo.toString());","isFullCredit":false},{"lineNumber":242,"author":{"gitId":"beaniestanley"},"content":"                System.out.println(\"\\tNow you have \" + tasks.size() + \" tasks in the list.\");","isFullCredit":false},{"lineNumber":243,"author":{"gitId":"beaniestanley"},"content":"            }","isFullCredit":false},{"lineNumber":244,"author":{"gitId":"beaniestanley"},"content":"            catch (StringIndexOutOfBoundsException e) {","isFullCredit":false},{"lineNumber":245,"author":{"gitId":"beaniestanley"},"content":"                System.out.println(\"\\tOOPS!!! The description of a todo cannot be empty! It must be in the following\" +","isFullCredit":false},{"lineNumber":246,"author":{"gitId":"beaniestanley"},"content":"                        \" format e.g. \u0027todo Homework\");","isFullCredit":false},{"lineNumber":247,"author":{"gitId":"beaniestanley"},"content":"            }","isFullCredit":false},{"lineNumber":248,"author":{"gitId":"beaniestanley"},"content":"            break;","isFullCredit":false},{"lineNumber":249,"author":{"gitId":"beaniestanley"},"content":"        case \"deadline\":","isFullCredit":false},{"lineNumber":250,"author":{"gitId":"beaniestanley"},"content":"            // adds tasks with deadline","isFullCredit":false},{"lineNumber":251,"author":{"gitId":"beaniestanley"},"content":"            try {","isFullCredit":false},{"lineNumber":252,"author":{"gitId":"beaniestanley"},"content":"                Task deadline \u003d new Deadline(userInput.substring(9, userInput.indexOf(\"/by\")), false,","isFullCredit":false},{"lineNumber":253,"author":{"gitId":"beaniestanley"},"content":"                        userInput.substring(userInput.indexOf(\"/by\")+4));","isFullCredit":false},{"lineNumber":254,"author":{"gitId":"beaniestanley"},"content":"                tasks.add(deadline);","isFullCredit":false},{"lineNumber":255,"author":{"gitId":"beaniestanley"},"content":"                System.out.println(\"\\tGot it. I\u0027ve added this task: \");","isFullCredit":false},{"lineNumber":256,"author":{"gitId":"beaniestanley"},"content":"                System.out.println(\"\\t\" + deadline.toString());","isFullCredit":false},{"lineNumber":257,"author":{"gitId":"beaniestanley"},"content":"                System.out.println(\"\\tNow you have \" + tasks.size() + \" tasks in the list.\");","isFullCredit":false},{"lineNumber":258,"author":{"gitId":"beaniestanley"},"content":"            }","isFullCredit":false},{"lineNumber":259,"author":{"gitId":"beaniestanley"},"content":"            catch (StringIndexOutOfBoundsException e) {","isFullCredit":false},{"lineNumber":260,"author":{"gitId":"beaniestanley"},"content":"                System.out.println(\"\\tOOPS!!! The description of a deadline is required in the following format e.g.\" +","isFullCredit":false},{"lineNumber":261,"author":{"gitId":"beaniestanley"},"content":"                                \" \u0027deadline CS2113 Project /by Thursday 9pm\u0027.\");","isFullCredit":false},{"lineNumber":262,"author":{"gitId":"beaniestanley"},"content":"            }","isFullCredit":false},{"lineNumber":263,"author":{"gitId":"beaniestanley"},"content":"            break;","isFullCredit":false},{"lineNumber":264,"author":{"gitId":"beaniestanley"},"content":"        case \"event\":","isFullCredit":false},{"lineNumber":265,"author":{"gitId":"beaniestanley"},"content":"            // adds event tasks","isFullCredit":false},{"lineNumber":266,"author":{"gitId":"beaniestanley"},"content":"            try {","isFullCredit":false},{"lineNumber":267,"author":{"gitId":"beaniestanley"},"content":"                Task event \u003d new Event(userInput.substring(6, userInput.indexOf(\"/at\")), false,","isFullCredit":false},{"lineNumber":268,"author":{"gitId":"beaniestanley"},"content":"                        userInput.substring(userInput.indexOf(\"/at\")+4));","isFullCredit":false},{"lineNumber":269,"author":{"gitId":"beaniestanley"},"content":"                tasks.add(event);","isFullCredit":false},{"lineNumber":270,"author":{"gitId":"beaniestanley"},"content":"                System.out.println(\"\\tGot it. I\u0027ve added this task: \");","isFullCredit":false},{"lineNumber":271,"author":{"gitId":"beaniestanley"},"content":"                System.out.println(\"\\t\" + event.toString());","isFullCredit":false},{"lineNumber":272,"author":{"gitId":"beaniestanley"},"content":"                System.out.println(\"\\tNow you have \" + tasks.size() + \" tasks in the list.\");","isFullCredit":false},{"lineNumber":273,"author":{"gitId":"beaniestanley"},"content":"            }","isFullCredit":false},{"lineNumber":274,"author":{"gitId":"beaniestanley"},"content":"            catch (StringIndexOutOfBoundsException e) {","isFullCredit":false},{"lineNumber":275,"author":{"gitId":"beaniestanley"},"content":"            System.out.println(\"\\tOOPS!!! The description of an event is required in the following format e.g.\" +","isFullCredit":false},{"lineNumber":276,"author":{"gitId":"beaniestanley"},"content":"                    \" \u0027event CS2113 Meeting /at Monday 1pm\u0027.\");","isFullCredit":false},{"lineNumber":277,"author":{"gitId":"beaniestanley"},"content":"            }","isFullCredit":false},{"lineNumber":278,"author":{"gitId":"beaniestanley"},"content":"            break;","isFullCredit":false},{"lineNumber":279,"author":{"gitId":"beaniestanley"},"content":"        default:","isFullCredit":false},{"lineNumber":280,"author":{"gitId":"beaniestanley"},"content":"            // invalid command","isFullCredit":false},{"lineNumber":281,"author":{"gitId":"beaniestanley"},"content":"            System.out.println(\"\\tOOPS! I\u0027m sorry, but I don\u0027t know what that means! :-(\");","isFullCredit":false},{"lineNumber":282,"author":{"gitId":"beaniestanley"},"content":"        }","isFullCredit":false},{"lineNumber":283,"author":{"gitId":"beaniestanley"},"content":"        System.out.println(\"\\t__________________________________________\\n\");","isFullCredit":false},{"lineNumber":284,"author":{"gitId":"beaniestanley"},"content":"    }","isFullCredit":false},{"lineNumber":285,"author":{"gitId":"beaniestanley"},"content":"","isFullCredit":false},{"lineNumber":286,"author":{"gitId":"beaniestanley"},"content":"    /**","isFullCredit":false},{"lineNumber":287,"author":{"gitId":"beaniestanley"},"content":"     * Deletes a task from the list of Task","isFullCredit":false},{"lineNumber":288,"author":{"gitId":"beaniestanley"},"content":"     * @param userInput User\u0027s input","isFullCredit":false},{"lineNumber":289,"author":{"gitId":"beaniestanley"},"content":"     * @param tasks Array List of Task","isFullCredit":false},{"lineNumber":290,"author":{"gitId":"beaniestanley"},"content":"     * @throws StringIndexOutOfBoundsException Exception when wrong description format is entered","isFullCredit":false},{"lineNumber":291,"author":{"gitId":"beaniestanley"},"content":"     */","isFullCredit":false},{"lineNumber":292,"author":{"gitId":"beaniestanley"},"content":"    public static void deleteTask(String userInput, ArrayList\u003cTask\u003e tasks) throws StringIndexOutOfBoundsException {","isFullCredit":false},{"lineNumber":293,"author":{"gitId":"beaniestanley"},"content":"        System.out.println(\"\\t------------------------------------------\");","isFullCredit":false},{"lineNumber":294,"author":{"gitId":"beaniestanley"},"content":"        try {","isFullCredit":false},{"lineNumber":295,"author":{"gitId":"beaniestanley"},"content":"            int taskIndex \u003d Integer.parseInt(userInput.split(\" \")[1]) - 1;","isFullCredit":false},{"lineNumber":296,"author":{"gitId":"beaniestanley"},"content":"            if (taskIndex \u003e tasks.size()-1) {","isFullCredit":false},{"lineNumber":297,"author":{"gitId":"beaniestanley"},"content":"                System.out.println(\"\\tTask \" + ++taskIndex + \" does not exist! Please try again.\");","isFullCredit":false},{"lineNumber":298,"author":{"gitId":"beaniestanley"},"content":"            }","isFullCredit":false},{"lineNumber":299,"author":{"gitId":"beaniestanley"},"content":"            else {","isFullCredit":false},{"lineNumber":300,"author":{"gitId":"beaniestanley"},"content":"                // sets a task as done","isFullCredit":false},{"lineNumber":301,"author":{"gitId":"beaniestanley"},"content":"                Task task \u003d tasks.get(taskIndex);","isFullCredit":false},{"lineNumber":302,"author":{"gitId":"beaniestanley"},"content":"                System.out.println(\"\\tNoted, I\u0027ve removed this task: \");","isFullCredit":false},{"lineNumber":303,"author":{"gitId":"beaniestanley"},"content":"                System.out.println(\"\\t\" + task.toString());","isFullCredit":false},{"lineNumber":304,"author":{"gitId":"beaniestanley"},"content":"                tasks.remove(task);","isFullCredit":false},{"lineNumber":305,"author":{"gitId":"beaniestanley"},"content":"                System.out.println(\"\\tNow you have \" + tasks.size() + \" tasks in the list.\");","isFullCredit":false},{"lineNumber":306,"author":{"gitId":"beaniestanley"},"content":"            }","isFullCredit":false},{"lineNumber":307,"author":{"gitId":"beaniestanley"},"content":"        }","isFullCredit":false},{"lineNumber":308,"author":{"gitId":"beaniestanley"},"content":"        catch (NumberFormatException e) {","isFullCredit":false},{"lineNumber":309,"author":{"gitId":"beaniestanley"},"content":"            System.out.println(\"\\tOOPS!! To delete task, you have to enter an integer following the work delete \" +","isFullCredit":false},{"lineNumber":310,"author":{"gitId":"beaniestanley"},"content":"                    \"in this format e.g. \u0027delete 3\u0027.\");","isFullCredit":false},{"lineNumber":311,"author":{"gitId":"beaniestanley"},"content":"        }","isFullCredit":false},{"lineNumber":312,"author":{"gitId":"beaniestanley"},"content":"        catch (IndexOutOfBoundsException e) {","isFullCredit":false},{"lineNumber":313,"author":{"gitId":"beaniestanley"},"content":"            System.out.println(\"\\tOOPS!! Invalid task input!\");","isFullCredit":false},{"lineNumber":314,"author":{"gitId":"beaniestanley"},"content":"        }","isFullCredit":false},{"lineNumber":315,"author":{"gitId":"beaniestanley"},"content":"        System.out.println(\"\\t__________________________________________\\n\");","isFullCredit":false},{"lineNumber":316,"author":{"gitId":"beaniestanley"},"content":"    }","isFullCredit":false},{"lineNumber":317,"author":{"gitId":"beaniestanley"},"content":"","isFullCredit":false},{"lineNumber":318,"author":{"gitId":"beaniestanley"},"content":"    /**","isFullCredit":false},{"lineNumber":319,"author":{"gitId":"beaniestanley"},"content":"     * Search for a specific task via user\u0027s input","isFullCredit":false},{"lineNumber":320,"author":{"gitId":"beaniestanley"},"content":"     * @param userInput User\u0027s input","isFullCredit":false},{"lineNumber":321,"author":{"gitId":"beaniestanley"},"content":"     * @param tasks Array List of Task","isFullCredit":false},{"lineNumber":322,"author":{"gitId":"beaniestanley"},"content":"     */","isFullCredit":false},{"lineNumber":323,"author":{"gitId":"beaniestanley"},"content":"    public static void findTasks(String userInput, ArrayList\u003cTask\u003e tasks) {","isFullCredit":false},{"lineNumber":324,"author":{"gitId":"beaniestanley"},"content":"        System.out.println(\"\\t------------------------------------------\");","isFullCredit":false},{"lineNumber":325,"author":{"gitId":"beaniestanley"},"content":"        System.out.println(\"\\tHere are the matching tasks in your list:\");","isFullCredit":false},{"lineNumber":326,"author":{"gitId":"beaniestanley"},"content":"        String taskInput \u003d userInput.split(\" \")[1];","isFullCredit":false},{"lineNumber":327,"author":{"gitId":"beaniestanley"},"content":"        ArrayList\u003cTask\u003e matchedTasks \u003d new ArrayList\u003c\u003e();","isFullCredit":false},{"lineNumber":328,"author":{"gitId":"beaniestanley"},"content":"        for (Task task : tasks) {","isFullCredit":false},{"lineNumber":329,"author":{"gitId":"beaniestanley"},"content":"            if (task.getDescription().contains(taskInput)) {","isFullCredit":false},{"lineNumber":330,"author":{"gitId":"beaniestanley"},"content":"                matchedTasks.add(task);","isFullCredit":false},{"lineNumber":331,"author":{"gitId":"beaniestanley"},"content":"            }","isFullCredit":false},{"lineNumber":332,"author":{"gitId":"beaniestanley"},"content":"        }","isFullCredit":false},{"lineNumber":333,"author":{"gitId":"beaniestanley"},"content":"        int i \u003d 1;","isFullCredit":false},{"lineNumber":334,"author":{"gitId":"beaniestanley"},"content":"        for (Task task : matchedTasks) {","isFullCredit":false},{"lineNumber":335,"author":{"gitId":"beaniestanley"},"content":"            System.out.println(\"\\t\"+ i++ + \". \" + task.toString());","isFullCredit":false},{"lineNumber":336,"author":{"gitId":"beaniestanley"},"content":"        }","isFullCredit":false},{"lineNumber":337,"author":{"gitId":"beaniestanley"},"content":"        System.out.println(\"\\t_________________________________________\\n\");","isFullCredit":false},{"lineNumber":338,"author":{"gitId":"-"},"content":"    }","isFullCredit":false},{"lineNumber":339,"author":{"gitId":"-"},"content":"}","isFullCredit":false}],"authorContributionMap":{"beaniestanley":329,"-":10}},{"path":"tasks.txt","fileType":"txt","lines":[{"lineNumber":1,"author":{"gitId":"beaniestanley"},"content":"T-1-do homework","isFullCredit":false},{"lineNumber":2,"author":{"gitId":"beaniestanley"},"content":"D-0-upload videos  -Sunday 3pm","isFullCredit":false},{"lineNumber":3,"author":{"gitId":"beaniestanley"},"content":"E-1-project meeting  -May 22nd","isFullCredit":false}],"authorContributionMap":{"beaniestanley":3}},{"path":"text-ui-test/input.txt","fileType":"txt","lines":[{"lineNumber":1,"author":{"gitId":"beaniestanley"},"content":"todo read book","isFullCredit":false},{"lineNumber":2,"author":{"gitId":"beaniestanley"},"content":"list","isFullCredit":false},{"lineNumber":3,"author":{"gitId":"beaniestanley"},"content":"deadline finish homeowork /by Saturday","isFullCredit":false},{"lineNumber":4,"author":{"gitId":"beaniestanley"},"content":"done 1","isFullCredit":false},{"lineNumber":5,"author":{"gitId":"beaniestanley"},"content":"event dance /at Thursday 6-8pm","isFullCredit":false},{"lineNumber":6,"author":{"gitId":"beaniestanley"},"content":"list","isFullCredit":false},{"lineNumber":7,"author":{"gitId":"beaniestanley"},"content":"bye","isFullCredit":false}],"authorContributionMap":{"beaniestanley":7}}]
