{"authorDailyContributionsMap":{"beaniestanley":[{"date":"2021-01-27","commitResults":[{"hash":"d8b50296a41fe95df1bb69c6fc7140b9fa811b05","isMergeCommit":false,"messageTitle":"Added Level-0: Greet.","messageBody":"","tags":["Level-0"],"fileTypesAndContributionMap":{"java":{"insertions":7,"deletions":1}}}]},{"date":"2021-01-28","commitResults":[{"hash":"a710370db4864154f7b615d07d97e255b80b4310","isMergeCommit":false,"messageTitle":"Added Level-1: Greet, Echo, Exit","messageBody":"","fileTypesAndContributionMap":{"java":{"insertions":19,"deletions":6}}},{"hash":"9e06de3db91380dd614f0e4045bf4769475e958a","isMergeCommit":false,"messageTitle":"Debug","messageBody":"","fileTypesAndContributionMap":{"java":{"insertions":3,"deletions":5}}},{"hash":"53e43668fb93623596c99740378dfebee1c4d550","isMergeCommit":false,"messageTitle":"Added Level-2: Add, List","messageBody":"","tags":["Level-2"],"fileTypesAndContributionMap":{"java":{"insertions":17,"deletions":2}}},{"hash":"f696b1190095a5c8b7c8a6f5fcd538ca76443742","isMergeCommit":false,"messageTitle":"Added Level-1: Greet, Echo, Exit","messageBody":"","tags":["Level-1"],"fileTypesAndContributionMap":{"java":{"insertions":18,"deletions":5}}},{"hash":"236e379e52c4e1fb868a2091b3c3b9cf5fbe872a","isMergeCommit":false,"messageTitle":"Add Level-3 and comply with coding standard","messageBody":"","tags":["Level-3","A-CodingStandard"],"fileTypesAndContributionMap":{"java":{"insertions":51,"deletions":12}}}]},{"date":"2021-02-04","commitResults":[{"hash":"79b8ee9a21f83f87e3d0f7da5545ad0ee5290ebe","isMergeCommit":false,"messageTitle":"Comply to coding standards","messageBody":"","fileTypesAndContributionMap":{"java":{"insertions":3,"deletions":3}}},{"hash":"dee65dc4a400ea3edf44de70ab8ed3a85bd85ecd","isMergeCommit":false,"messageTitle":"Add Level-4: ToDos, Events, Deadlines","messageBody":"","tags":["Level-4"],"fileTypesAndContributionMap":{"java":{"insertions":110,"deletions":23}}},{"hash":"6caaaf4c49e34bf57b5dad54fa60e9cba60b372c","isMergeCommit":false,"messageTitle":"Add text files for semi-automated test","messageBody":"","fileTypesAndContributionMap":{"txt":{"insertions":7,"deletions":0}}},{"hash":"e61fbcbfaa82e9248c1b07f6d2226d165c5bb8a4","isMergeCommit":false,"messageTitle":"Edit comment and check code quality","messageBody":"","tags":["A-CodeQuality"],"fileTypesAndContributionMap":{"java":{"insertions":1,"deletions":1}}},{"hash":"5007ceda977d20271c2094bf508b4a92443d3c01","isMergeCommit":false,"messageTitle":"Improve coding standard based on comments","messageBody":"","fileTypesAndContributionMap":{"txt":{"insertions":1,"deletions":1},"java":{"insertions":7,"deletions":11}}}]},{"date":"2021-02-11","commitResults":[{"hash":"d6f551157311a87093392f9f6f6c6ee625e9774d","isMergeCommit":false,"messageTitle":"Add error handling and improve code quality","messageBody":"","tags":["Level-5","A-Exceptions"],"fileTypesAndContributionMap":{"java":{"insertions":110,"deletions":69}}}]},{"date":"2021-02-18","commitResults":[{"hash":"c5a16a8ab6612242066d9dcab38a6dd73bafc731","isMergeCommit":false,"messageTitle":"Added Class package","messageBody":"","fileTypesAndContributionMap":{"java":{"insertions":0,"deletions":0}}},{"hash":"9eaf478095f73f1ca4a01fa3a32f3cc33838cb1b","isMergeCommit":false,"messageTitle":"Add Class package","messageBody":"","tags":["A-Packages"],"fileTypesAndContributionMap":{"java":{"insertions":24,"deletions":8}}},{"hash":"9d570360f58ac0001b96335850f17d240b378bf3","isMergeCommit":false,"messageTitle":"Add Level-6: Delete","messageBody":"","tags":["v0.1","Level-6","A-Jar","A-Collections"],"fileTypesAndContributionMap":{"java":{"insertions":37,"deletions":5}}}]},{"date":"2021-03-05","commitResults":[{"hash":"28bda25c2a1013bc6bb4d8e6744489ee3393c634","isMergeCommit":false,"messageTitle":"Add Level-7: Save","messageBody":"","tags":["Level-7"],"fileTypesAndContributionMap":{"txt":{"insertions":3,"deletions":0},"java":{"insertions":140,"deletions":28}}},{"hash":"b9e4e31961d77a160cbf6a0e29bc4df2a1f4f9e5","isMergeCommit":false,"messageTitle":"Add test file","messageBody":"","fileTypesAndContributionMap":{"txt":{"insertions":3,"deletions":0}}},{"hash":"32f8268101ebe2ddf1c6a61d78d93c37f5439c65","isMergeCommit":true,"messageTitle":"Merge branch \u0027branch-Level-7\u0027","messageBody":"","fileTypesAndContributionMap":{}},{"hash":"6c55cb60088bee2c704ed13e78703e608d805807","isMergeCommit":false,"messageTitle":"Add Level-9: Find","messageBody":"","tags":["Level-9"],"fileTypesAndContributionMap":{"java":{"insertions":20,"deletions":1}}},{"hash":"a0cd9a9f57672a9de1a80c49d782dbc32df84a32","isMergeCommit":true,"messageTitle":"Merge pull request #1 from beaniestanley/branch-Level-9","messageBody":"Add Level-9: Find","fileTypesAndContributionMap":{}},{"hash":"8a4f674f60a209374b4cccceec7b2f4f5b7c4716","isMergeCommit":false,"messageTitle":"Add javadocs","messageBody":"","fileTypesAndContributionMap":{"java":{"insertions":76,"deletions":0}}},{"hash":"d1f6497e1445dbd2525b9f0aadad084ce9d2e58e","isMergeCommit":true,"messageTitle":"Merge remote-tracking branch \u0027origin/master\u0027","messageBody":"","fileTypesAndContributionMap":{}},{"hash":"46d55434f73e93bf4e184b907186d14e0566f70c","isMergeCommit":false,"messageTitle":"Add javadocs for find method","messageBody":"","tags":["A-JavaDoc"],"fileTypesAndContributionMap":{"java":{"insertions":5,"deletions":0}}},{"hash":"80b1963248f540847560cecc351ed5a5b6b95920","isMergeCommit":false,"messageTitle":"Debug and add UG draft","messageBody":"","tags":["v0.2","A-Release"],"fileTypesAndContributionMap":{"java":{"insertions":4,"deletions":4},"md":{"insertions":144,"deletions":10}}},{"hash":"7b7abd2a2be99119aeea9115cfaa4516e120993a","isMergeCommit":false,"messageTitle":"Add Release v0.2 link","messageBody":"","tags":["A-UserGuide"],"fileTypesAndContributionMap":{"md":{"insertions":4,"deletions":4}}}]}]},"authorFileTypeContributionMap":{"beaniestanley":{"java":455,"md":135,"txt":10}},"authorContributionVariance":{"beaniestanley":4902.9966},"authorDisplayNameMap":{"beaniestanley":"Stanley"}}
