{"authorDailyContributionsMap":{"cswbibibi":[{"date":"2021-01-22","commitResults":[{"hash":"f5be129966884d2978c574aab30febe269a55ef3","isMergeCommit":false,"messageTitle":"first commit","messageBody":"","tags":["level-0"],"fileTypesAndContributionMap":{"java":{"insertions":2,"deletions":0}}},{"hash":"6f82ab6160ed8b6fc77765b2c9fba8185ff6327e","isMergeCommit":false,"messageTitle":"level-1 Echo commit","messageBody":"","tags":["level-1"],"fileTypesAndContributionMap":{"java":{"insertions":16,"deletions":1}}},{"hash":"b9e399bce5995bbee7edbb454dadd15db0bded50","isMergeCommit":false,"messageTitle":"Level-2 Add \u0026 List","messageBody":"","tags":["level-2"],"fileTypesAndContributionMap":{"java":{"insertions":19,"deletions":6}}}]},{"date":"2021-01-24","commitResults":[{"hash":"2e0e34d51c8bb1f6193a448db087c84da416af7c","isMergeCommit":false,"messageTitle":"level-3 Mark as done","messageBody":"","tags":["level-3"],"fileTypesAndContributionMap":{"java":{"insertions":79,"deletions":21}}},{"hash":"600a5b0de635a347c4ab8534ee20204d662be627","isMergeCommit":false,"messageTitle":"TaskList class commit","messageBody":"","tags":["new_level1-3"],"fileTypesAndContributionMap":{"java":{"insertions":37,"deletions":15}}},{"hash":"8f92d2a246439012b44963d3a19b62e92d68a7c8","isMergeCommit":false,"messageTitle":"update main commit","messageBody":"","fileTypesAndContributionMap":{"java":{"insertions":2,"deletions":3}}}]},{"date":"2021-01-28","commitResults":[{"hash":"349df46c71b9eabb1a5f719ea762c8a0369fa10c","isMergeCommit":false,"messageTitle":"update of taskstatus class","messageBody":"","fileTypesAndContributionMap":{"java":{"insertions":9,"deletions":13}}}]},{"date":"2021-01-29","commitResults":[{"hash":"4776a85ec6a268ecf77a72a01bb3490ee3231496","isMergeCommit":false,"messageTitle":"event class","messageBody":"","fileTypesAndContributionMap":{"java":{"insertions":11,"deletions":0}}},{"hash":"f9c849af5277c97d4d909d421c5645ceba58abfc","isMergeCommit":false,"messageTitle":"Deadline Class","messageBody":"","fileTypesAndContributionMap":{"java":{"insertions":12,"deletions":0}}},{"hash":"ed0b6b037f8b3ff50a81b93fcbf0f148f5ad4083","isMergeCommit":false,"messageTitle":"duke update","messageBody":"","fileTypesAndContributionMap":{"java":{"insertions":0,"deletions":1}}},{"hash":"ddb2f82d2e7bae8ea8fc7bdc039041c8af184cdb","isMergeCommit":true,"messageTitle":"Merge branch \u0027master\u0027 of https://github.com/cswbibibi/ip","messageBody":"","fileTypesAndContributionMap":{}}]},{"date":"2021-01-30","commitResults":[{"hash":"fd06d29eabcd983980c4455f0d04a68d66c05eff","isMergeCommit":false,"messageTitle":"level 4 Todos, Events, Deadlines commit","messageBody":"","tags":["level-4"],"fileTypesAndContributionMap":{"java":{"insertions":91,"deletions":63}}}]},{"date":"2021-01-31","commitResults":[{"hash":"0853f8d0723beee744dc967c967aabbf5408765e","isMergeCommit":false,"messageTitle":"new commit","messageBody":"","fileTypesAndContributionMap":{"java":{"insertions":17,"deletions":11}}},{"hash":"efc0e4305bafe7387a64bb0d9912fb0202143730","isMergeCommit":false,"messageTitle":"Code Quality Commit","messageBody":"","tags":["Code-Quality"],"fileTypesAndContributionMap":{"java":{"insertions":18,"deletions":14}}}]},{"date":"2021-02-04","commitResults":[{"hash":"db6c65be3222ed090c3dde64a7165c28806e5062","isMergeCommit":false,"messageTitle":"Code Quality Commit","messageBody":"","tags":["code_Quality"],"fileTypesAndContributionMap":{"java":{"insertions":62,"deletions":69}}},{"hash":"a61ad1e84f911bab19cf05b6921b4d8c20ceccda","isMergeCommit":false,"messageTitle":"create Exception Class","messageBody":"","fileTypesAndContributionMap":{"java":{"insertions":45,"deletions":19}}},{"hash":"422be6a871091ee147ce992d082478e914e22aad","isMergeCommit":false,"messageTitle":"level5 Handle error commit","messageBody":"","fileTypesAndContributionMap":{"java":{"insertions":4,"deletions":2}}},{"hash":"fd4a132209b381e5f8520d3479053e863a8066df","isMergeCommit":true,"messageTitle":"Merge branch \u0027branch-Level-5\u0027","messageBody":"","tags":["Level-5"],"fileTypesAndContributionMap":{}},{"hash":"deb20ee174593f6cd22a774bfe4cec91960089ab","isMergeCommit":false,"messageTitle":"duke-Package","messageBody":"","fileTypesAndContributionMap":{"java":{"insertions":40,"deletions":28}}},{"hash":"64d3e5e82a8aec734df56b34d294dd91b7f17209","isMergeCommit":false,"messageTitle":"change typo","messageBody":"","fileTypesAndContributionMap":{"java":{"insertions":5,"deletions":5}}}]},{"date":"2021-02-07","commitResults":[{"hash":"4dc19d9b0c515b102bd335f8273801cec2a7709c","isMergeCommit":false,"messageTitle":"exception class update","messageBody":"","fileTypesAndContributionMap":{"java":{"insertions":1,"deletions":1}}},{"hash":"37f56f7d205c1d0c6c53c99419de14a499f56325","isMergeCommit":true,"messageTitle":"Merge branch \u0027branch-A-Packages\u0027","messageBody":"","fileTypesAndContributionMap":{}}]},{"date":"2021-02-14","commitResults":[{"hash":"5ccc827b9a6dde42d42541280babb36e6a98b7dd","isMergeCommit":false,"messageTitle":"Level-6 Increment: Delete","messageBody":"","tags":["Level-6-commit"],"fileTypesAndContributionMap":{"java":{"insertions":13,"deletions":1}}},{"hash":"643cdf382772316afac3de5add328bd0d82c4a3b","isMergeCommit":false,"messageTitle":"Level 7.Save","messageBody":"","tags":["Level-7-commit"],"fileTypesAndContributionMap":{"txt":{"insertions":7,"deletions":0},"java":{"insertions":79,"deletions":24}}},{"hash":"a55c69a1983e79b1a2fd3dd1f5f6bc468432c98d","isMergeCommit":true,"messageTitle":"Merge branch \u0027branch-Level-7\u0027","messageBody":"","fileTypesAndContributionMap":{}}]},{"date":"2021-02-15","commitResults":[{"hash":"c34e27d1846b02b4ab4e418a2a007917b5588e3d","isMergeCommit":false,"messageTitle":"A-Jar commit","messageBody":"","tags":["A-Jar"],"fileTypesAndContributionMap":{"txt":{"insertions":6,"deletions":0}}}]},{"date":"2021-02-18","commitResults":[{"hash":"2ad019adabb3e2af73c55b2ec01152b38b7976e4","isMergeCommit":false,"messageTitle":"Exception, CodingStandard commit","messageBody":"","tags":["A-Exceptions","A-CodingStandard","A-CodeQuality"],"fileTypesAndContributionMap":{"java":{"insertions":94,"deletions":128}}}]},{"date":"2021-02-20","commitResults":[{"hash":"82bc89b00165edbe2e35d2cd27a14720ae2bfced","isMergeCommit":false,"messageTitle":"A-MoreOOP commit","messageBody":"","tags":["A-MoreOOP"],"fileTypesAndContributionMap":{"txt":{"insertions":57,"deletions":11},"java":{"insertions":198,"deletions":91}}},{"hash":"747604ae0f46dbb7a72cf26b4ead42ac9b3bcc2f","isMergeCommit":false,"messageTitle":"Level 8 commit","messageBody":"","tags":["Level-8"],"fileTypesAndContributionMap":{"txt":{"insertions":11,"deletions":0},"java":{"insertions":9,"deletions":4}}},{"hash":"d2ca2fe1a1f35dea4065cba281c5d1e99c6526a9","isMergeCommit":true,"messageTitle":"Merge pull request #1 from cswbibibi/branch-Level-8","messageBody":"Level 8 PR","tags":["Level-8-merge"],"fileTypesAndContributionMap":{}},{"hash":"d99ea75d34bfc2e066ca850126e767fc4e66bc44","isMergeCommit":false,"messageTitle":"Level-9 Commit","messageBody":"","tags":["Level-9"],"fileTypesAndContributionMap":{"txt":{"insertions":25,"deletions":0},"java":{"insertions":15,"deletions":1}}},{"hash":"cc279ad1ff91e1ded64bdce0619500261d54d0e9","isMergeCommit":true,"messageTitle":"Merge pull request #2 from cswbibibi/branch-Level-9","messageBody":"Level-9 PR","tags":["Level-9-merge"],"fileTypesAndContributionMap":{}}]},{"date":"2021-02-21","commitResults":[{"hash":"75d2f0b530e983641b2557b829851503e6810e61","isMergeCommit":false,"messageTitle":"JavaDoc commit","messageBody":"","tags":["A-JavaDoc"],"fileTypesAndContributionMap":{"java":{"insertions":156,"deletions":24}}},{"hash":"aa3bd3e74276e8f24d94063f891d8126f3b328bd","isMergeCommit":true,"messageTitle":"Merge pull request #3 from cswbibibi/branch-A-JavaDoc","messageBody":"JavaDoc PR","tags":["A-JavaDoc-merge"],"fileTypesAndContributionMap":{}},{"hash":"0f39abaa818192d4ae3926c9c7b1401b355eeafc","isMergeCommit":false,"messageTitle":"update User Guide","messageBody":"","tags":["A-UserGuide"],"fileTypesAndContributionMap":{"java":{"insertions":13,"deletions":7},"md":{"insertions":85,"deletions":9}}},{"hash":"eec99374b63fb05344dcbeb0ba11052e5564148f","isMergeCommit":false,"messageTitle":"Update on Parse Class","messageBody":"","fileTypesAndContributionMap":{"java":{"insertions":9,"deletions":4}}},{"hash":"c59f6dfe8757abe2e911f02c761ce9ee0bd105b8","isMergeCommit":false,"messageTitle":"minor changes on task status symbol","messageBody":"","fileTypesAndContributionMap":{"txt":{"insertions":4,"deletions":3},"java":{"insertions":4,"deletions":2}}},{"hash":"53ce1b0f49c54de92dec25d8531bfda3b4d9583f","isMergeCommit":true,"messageTitle":"Merge branch \u0027branch-A-UserGuide\u0027","messageBody":"","tags":["Jar-version2.0"],"fileTypesAndContributionMap":{}}]},{"date":"2021-02-22","commitResults":[{"hash":"fd28ffae4dcbc60ab403c614311011ada9db613d","isMergeCommit":false,"messageTitle":"Update on Code quality","messageBody":"","tags":["Jar-version3.0"],"fileTypesAndContributionMap":{"java":{"insertions":45,"deletions":45}}}]}]},"authorFileTypeContributionMap":{"cswbibibi":{"java":508,"md":84,"txt":96}},"authorContributionVariance":{"cswbibibi":9298.118},"authorDisplayNameMap":{"cswbibibi":"Bi Bi"}}
