[{"path":"docs/README.md","fileType":"md","lines":[{"lineNumber":1,"author":{"gitId":"-"},"content":"# User Guide","isFullCredit":false},{"lineNumber":2,"author":{"gitId":"fangxinjia0203"},"content":"Duke is a task management application which is designed to handle 3 types of tasks: todo, event and deadline.","isFullCredit":false},{"lineNumber":3,"author":{"gitId":"fangxinjia0203"},"content":"* [Features](#features)","isFullCredit":false},{"lineNumber":4,"author":{"gitId":"fangxinjia0203"},"content":"  * [Adding a task](#1-Adding-a-task)","isFullCredit":false},{"lineNumber":5,"author":{"gitId":"fangxinjia0203"},"content":"  * [Listing down all tasks](#2-Listing-down-all-tasks)","isFullCredit":false},{"lineNumber":6,"author":{"gitId":"fangxinjia0203"},"content":"  * [Marking a task as done](#3-Marking-a-task-as-done)","isFullCredit":false},{"lineNumber":7,"author":{"gitId":"fangxinjia0203"},"content":"  * [Deleting a task](#4-Deleting-a-task)","isFullCredit":false},{"lineNumber":8,"author":{"gitId":"fangxinjia0203"},"content":"  * [Finding tasks contain keywords](#5-Finding-tasks-contain-keywords)","isFullCredit":false},{"lineNumber":9,"author":{"gitId":"fangxinjia0203"},"content":"  * [Save and exit](#6-Save-and-exit)","isFullCredit":false},{"lineNumber":10,"author":{"gitId":"-"},"content":"## Features ","isFullCredit":false},{"lineNumber":11,"author":{"gitId":"-"},"content":"","isFullCredit":false},{"lineNumber":12,"author":{"gitId":"fangxinjia0203"},"content":"### 1. Adding a task","isFullCredit":false},{"lineNumber":13,"author":{"gitId":"fangxinjia0203"},"content":"Adding a task into the list.","isFullCredit":false},{"lineNumber":14,"author":{"gitId":"fangxinjia0203"},"content":"","isFullCredit":false},{"lineNumber":15,"author":{"gitId":"fangxinjia0203"},"content":"There are 3 types of Task: Todo, Deadline and Event.","isFullCredit":false},{"lineNumber":16,"author":{"gitId":"-"},"content":"","isFullCredit":false},{"lineNumber":17,"author":{"gitId":"fangxinjia0203"},"content":"### Usage","isFullCredit":false},{"lineNumber":18,"author":{"gitId":"-"},"content":"","isFullCredit":false},{"lineNumber":19,"author":{"gitId":"fangxinjia0203"},"content":"#### `todo \u003ctask description\u003e` - Adds a task that wants to be done into the task list.","isFullCredit":false},{"lineNumber":20,"author":{"gitId":"fangxinjia0203"},"content":"Task type is represented by \" [T] \".","isFullCredit":false},{"lineNumber":21,"author":{"gitId":"-"},"content":"","isFullCredit":false},{"lineNumber":22,"author":{"gitId":"-"},"content":"","isFullCredit":false},{"lineNumber":23,"author":{"gitId":"-"},"content":"Example of usage: ","isFullCredit":false},{"lineNumber":24,"author":{"gitId":"-"},"content":"","isFullCredit":false},{"lineNumber":25,"author":{"gitId":"fangxinjia0203"},"content":"`todo assignment1`","isFullCredit":false},{"lineNumber":26,"author":{"gitId":"fangxinjia0203"},"content":"","isFullCredit":false},{"lineNumber":27,"author":{"gitId":"fangxinjia0203"},"content":"Expected outcome:","isFullCredit":false},{"lineNumber":28,"author":{"gitId":"fangxinjia0203"},"content":"","isFullCredit":false},{"lineNumber":29,"author":{"gitId":"fangxinjia0203"},"content":"```","isFullCredit":false},{"lineNumber":30,"author":{"gitId":"fangxinjia0203"},"content":"Got it. I\u0027ve added this task:","isFullCredit":false},{"lineNumber":31,"author":{"gitId":"fangxinjia0203"},"content":"","isFullCredit":false},{"lineNumber":32,"author":{"gitId":"fangxinjia0203"},"content":"[T][ ] assignment1","isFullCredit":false},{"lineNumber":33,"author":{"gitId":"fangxinjia0203"},"content":"","isFullCredit":false},{"lineNumber":34,"author":{"gitId":"fangxinjia0203"},"content":"Now you have 1 tasks in the list.","isFullCredit":false},{"lineNumber":35,"author":{"gitId":"fangxinjia0203"},"content":"```","isFullCredit":false},{"lineNumber":36,"author":{"gitId":"fangxinjia0203"},"content":"\u003cbr/\u003e","isFullCredit":false},{"lineNumber":37,"author":{"gitId":"fangxinjia0203"},"content":"","isFullCredit":false},{"lineNumber":38,"author":{"gitId":"fangxinjia0203"},"content":"#### `deadline \u003cdeadline description\u003e /by \u003ctime\u003e` - Adds a task with a deadline into the task list.","isFullCredit":false},{"lineNumber":39,"author":{"gitId":"fangxinjia0203"},"content":"Task type is represented by \" [D] \".","isFullCredit":false},{"lineNumber":40,"author":{"gitId":"fangxinjia0203"},"content":"","isFullCredit":false},{"lineNumber":41,"author":{"gitId":"fangxinjia0203"},"content":"Example of usage:","isFullCredit":false},{"lineNumber":42,"author":{"gitId":"fangxinjia0203"},"content":"","isFullCredit":false},{"lineNumber":43,"author":{"gitId":"fangxinjia0203"},"content":"`deadline assignment2 /by Friday 5/3/2021`","isFullCredit":false},{"lineNumber":44,"author":{"gitId":"fangxinjia0203"},"content":"","isFullCredit":false},{"lineNumber":45,"author":{"gitId":"fangxinjia0203"},"content":"Expected outcome:","isFullCredit":false},{"lineNumber":46,"author":{"gitId":"fangxinjia0203"},"content":"","isFullCredit":false},{"lineNumber":47,"author":{"gitId":"fangxinjia0203"},"content":"```","isFullCredit":false},{"lineNumber":48,"author":{"gitId":"fangxinjia0203"},"content":"Got it. I\u0027ve added this task:","isFullCredit":false},{"lineNumber":49,"author":{"gitId":"fangxinjia0203"},"content":"","isFullCredit":false},{"lineNumber":50,"author":{"gitId":"fangxinjia0203"},"content":"[D][ ] assignment2 (by: Friday 5/3/2021)","isFullCredit":false},{"lineNumber":51,"author":{"gitId":"fangxinjia0203"},"content":"","isFullCredit":false},{"lineNumber":52,"author":{"gitId":"fangxinjia0203"},"content":"Now you have 2 tasks in the list.","isFullCredit":false},{"lineNumber":53,"author":{"gitId":"fangxinjia0203"},"content":"```","isFullCredit":false},{"lineNumber":54,"author":{"gitId":"fangxinjia0203"},"content":"\u003cbr/\u003e","isFullCredit":false},{"lineNumber":55,"author":{"gitId":"fangxinjia0203"},"content":"","isFullCredit":false},{"lineNumber":56,"author":{"gitId":"fangxinjia0203"},"content":"#### `event \u003cevent description\u003e /at \u003ctime\u003e` - Adds a task with an occurring time into the task list.","isFullCredit":false},{"lineNumber":57,"author":{"gitId":"fangxinjia0203"},"content":"Task type is represented by \" [E] \".","isFullCredit":false},{"lineNumber":58,"author":{"gitId":"fangxinjia0203"},"content":"","isFullCredit":false},{"lineNumber":59,"author":{"gitId":"fangxinjia0203"},"content":"Example of usage:","isFullCredit":false},{"lineNumber":60,"author":{"gitId":"fangxinjia0203"},"content":"","isFullCredit":false},{"lineNumber":61,"author":{"gitId":"fangxinjia0203"},"content":"`event submit assignment3 /at 6/3/2021`","isFullCredit":false},{"lineNumber":62,"author":{"gitId":"fangxinjia0203"},"content":"","isFullCredit":false},{"lineNumber":63,"author":{"gitId":"fangxinjia0203"},"content":"Expected outcome:","isFullCredit":false},{"lineNumber":64,"author":{"gitId":"-"},"content":"","isFullCredit":false},{"lineNumber":65,"author":{"gitId":"fangxinjia0203"},"content":"```","isFullCredit":false},{"lineNumber":66,"author":{"gitId":"fangxinjia0203"},"content":"Got it. I\u0027ve added this task:","isFullCredit":false},{"lineNumber":67,"author":{"gitId":"-"},"content":"","isFullCredit":false},{"lineNumber":68,"author":{"gitId":"fangxinjia0203"},"content":"[E][ ] submit assignment3 (at: 6/3/2021)","isFullCredit":false},{"lineNumber":69,"author":{"gitId":"-"},"content":"","isFullCredit":false},{"lineNumber":70,"author":{"gitId":"fangxinjia0203"},"content":"Now you have 3 tasks in the list.","isFullCredit":false},{"lineNumber":71,"author":{"gitId":"fangxinjia0203"},"content":"```","isFullCredit":false},{"lineNumber":72,"author":{"gitId":"fangxinjia0203"},"content":"\u003cbr/\u003e","isFullCredit":false},{"lineNumber":73,"author":{"gitId":"-"},"content":"","isFullCredit":false},{"lineNumber":74,"author":{"gitId":"fangxinjia0203"},"content":"### 2. Listing down all tasks","isFullCredit":false},{"lineNumber":75,"author":{"gitId":"fangxinjia0203"},"content":"show all tasks that have been added.","isFullCredit":false},{"lineNumber":76,"author":{"gitId":"fangxinjia0203"},"content":"### Usage","isFullCredit":false},{"lineNumber":77,"author":{"gitId":"fangxinjia0203"},"content":"#### `list` - display all tasks.","isFullCredit":false},{"lineNumber":78,"author":{"gitId":"-"},"content":"Example of usage:","isFullCredit":false},{"lineNumber":79,"author":{"gitId":"fangxinjia0203"},"content":"`list`","isFullCredit":false},{"lineNumber":80,"author":{"gitId":"fangxinjia0203"},"content":"","isFullCredit":false},{"lineNumber":81,"author":{"gitId":"fangxinjia0203"},"content":"Expected outcome:","isFullCredit":false},{"lineNumber":82,"author":{"gitId":"fangxinjia0203"},"content":"","isFullCredit":false},{"lineNumber":83,"author":{"gitId":"fangxinjia0203"},"content":"```","isFullCredit":false},{"lineNumber":84,"author":{"gitId":"fangxinjia0203"},"content":"Here are the tasks in your list:","isFullCredit":false},{"lineNumber":85,"author":{"gitId":"fangxinjia0203"},"content":"","isFullCredit":false},{"lineNumber":86,"author":{"gitId":"fangxinjia0203"},"content":"1. [T][ ] assignment1","isFullCredit":false},{"lineNumber":87,"author":{"gitId":"fangxinjia0203"},"content":"","isFullCredit":false},{"lineNumber":88,"author":{"gitId":"fangxinjia0203"},"content":"2. [D][ ] assignment2 (by: Friday 5/3/2021)","isFullCredit":false},{"lineNumber":89,"author":{"gitId":"fangxinjia0203"},"content":"","isFullCredit":false},{"lineNumber":90,"author":{"gitId":"fangxinjia0203"},"content":"3. [E][ ] submit assignment3 (at: 6/3/2021)","isFullCredit":false},{"lineNumber":91,"author":{"gitId":"fangxinjia0203"},"content":"","isFullCredit":false},{"lineNumber":92,"author":{"gitId":"fangxinjia0203"},"content":"```","isFullCredit":false},{"lineNumber":93,"author":{"gitId":"fangxinjia0203"},"content":"\u003cbr/\u003e","isFullCredit":false},{"lineNumber":94,"author":{"gitId":"fangxinjia0203"},"content":"","isFullCredit":false},{"lineNumber":95,"author":{"gitId":"fangxinjia0203"},"content":"### 3. Marking a task as done","isFullCredit":false},{"lineNumber":96,"author":{"gitId":"fangxinjia0203"},"content":"\"[X]\" represents the completion of the task and \"[ ]\" represents the task is not completed.","isFullCredit":false},{"lineNumber":97,"author":{"gitId":"fangxinjia0203"},"content":"### Usage","isFullCredit":false},{"lineNumber":98,"author":{"gitId":"fangxinjia0203"},"content":"#### `done \u003ctask index\u003e` - Marks the selected task as done.","isFullCredit":false},{"lineNumber":99,"author":{"gitId":"fangxinjia0203"},"content":"Example of usage:","isFullCredit":false},{"lineNumber":100,"author":{"gitId":"fangxinjia0203"},"content":"`done 1`","isFullCredit":false},{"lineNumber":101,"author":{"gitId":"fangxinjia0203"},"content":"","isFullCredit":false},{"lineNumber":102,"author":{"gitId":"fangxinjia0203"},"content":"Expected outcome:","isFullCredit":false},{"lineNumber":103,"author":{"gitId":"fangxinjia0203"},"content":"```","isFullCredit":false},{"lineNumber":104,"author":{"gitId":"fangxinjia0203"},"content":"Nice! I\u0027ve marked this task as done:","isFullCredit":false},{"lineNumber":105,"author":{"gitId":"fangxinjia0203"},"content":"","isFullCredit":false},{"lineNumber":106,"author":{"gitId":"fangxinjia0203"},"content":"[T][X] assignment1","isFullCredit":false},{"lineNumber":107,"author":{"gitId":"fangxinjia0203"},"content":"","isFullCredit":false},{"lineNumber":108,"author":{"gitId":"fangxinjia0203"},"content":"```","isFullCredit":false},{"lineNumber":109,"author":{"gitId":"fangxinjia0203"},"content":"\u003cbr/\u003e","isFullCredit":false},{"lineNumber":110,"author":{"gitId":"fangxinjia0203"},"content":"","isFullCredit":false},{"lineNumber":111,"author":{"gitId":"fangxinjia0203"},"content":"### 4. Deleting a task","isFullCredit":false},{"lineNumber":112,"author":{"gitId":"fangxinjia0203"},"content":"Removes the task from the list.","isFullCredit":false},{"lineNumber":113,"author":{"gitId":"fangxinjia0203"},"content":"### Usage","isFullCredit":false},{"lineNumber":114,"author":{"gitId":"fangxinjia0203"},"content":"#### `delete \u003ctask index\u003e` - Removes the task from the list.","isFullCredit":false},{"lineNumber":115,"author":{"gitId":"fangxinjia0203"},"content":"Example of usage:","isFullCredit":false},{"lineNumber":116,"author":{"gitId":"fangxinjia0203"},"content":"`delete 1`","isFullCredit":false},{"lineNumber":117,"author":{"gitId":"fangxinjia0203"},"content":"","isFullCredit":false},{"lineNumber":118,"author":{"gitId":"fangxinjia0203"},"content":"Expected outcome:","isFullCredit":false},{"lineNumber":119,"author":{"gitId":"fangxinjia0203"},"content":"```","isFullCredit":false},{"lineNumber":120,"author":{"gitId":"fangxinjia0203"},"content":"Noted. I\u0027ve removed this task: ","isFullCredit":false},{"lineNumber":121,"author":{"gitId":"fangxinjia0203"},"content":"","isFullCredit":false},{"lineNumber":122,"author":{"gitId":"fangxinjia0203"},"content":"[T][X] assignment1","isFullCredit":false},{"lineNumber":123,"author":{"gitId":"fangxinjia0203"},"content":"","isFullCredit":false},{"lineNumber":124,"author":{"gitId":"fangxinjia0203"},"content":"Now you have 2 tasks in the list.","isFullCredit":false},{"lineNumber":125,"author":{"gitId":"fangxinjia0203"},"content":"","isFullCredit":false},{"lineNumber":126,"author":{"gitId":"fangxinjia0203"},"content":"```","isFullCredit":false},{"lineNumber":127,"author":{"gitId":"fangxinjia0203"},"content":"\u003cbr/\u003e","isFullCredit":false},{"lineNumber":128,"author":{"gitId":"fangxinjia0203"},"content":"","isFullCredit":false},{"lineNumber":129,"author":{"gitId":"fangxinjia0203"},"content":"### 5. Finding tasks contain keywords","isFullCredit":false},{"lineNumber":130,"author":{"gitId":"fangxinjia0203"},"content":"Uses a keyword to find the tasks.","isFullCredit":false},{"lineNumber":131,"author":{"gitId":"fangxinjia0203"},"content":"### Usage","isFullCredit":false},{"lineNumber":132,"author":{"gitId":"fangxinjia0203"},"content":"#### `find \u003ckeyword\u003e` - Lists down all tasks in the list contain a certain keyword.","isFullCredit":false},{"lineNumber":133,"author":{"gitId":"fangxinjia0203"},"content":"Example of usage:","isFullCredit":false},{"lineNumber":134,"author":{"gitId":"fangxinjia0203"},"content":"`find submit`","isFullCredit":false},{"lineNumber":135,"author":{"gitId":"fangxinjia0203"},"content":"","isFullCredit":false},{"lineNumber":136,"author":{"gitId":"fangxinjia0203"},"content":"Expected outcome:","isFullCredit":false},{"lineNumber":137,"author":{"gitId":"fangxinjia0203"},"content":"```","isFullCredit":false},{"lineNumber":138,"author":{"gitId":"fangxinjia0203"},"content":"Here are the matching tasks in your list:","isFullCredit":false},{"lineNumber":139,"author":{"gitId":"fangxinjia0203"},"content":"","isFullCredit":false},{"lineNumber":140,"author":{"gitId":"fangxinjia0203"},"content":"3. [E][ ] submit assignment3 (at: 6/3/2021)","isFullCredit":false},{"lineNumber":141,"author":{"gitId":"fangxinjia0203"},"content":"","isFullCredit":false},{"lineNumber":142,"author":{"gitId":"fangxinjia0203"},"content":"```","isFullCredit":false},{"lineNumber":143,"author":{"gitId":"fangxinjia0203"},"content":"\u003cbr/\u003e","isFullCredit":false},{"lineNumber":144,"author":{"gitId":"fangxinjia0203"},"content":"","isFullCredit":false},{"lineNumber":145,"author":{"gitId":"fangxinjia0203"},"content":"### 6. Save and exit","isFullCredit":false},{"lineNumber":146,"author":{"gitId":"fangxinjia0203"},"content":"Saves the list as a txt file in the local disk and exits the application.","isFullCredit":false},{"lineNumber":147,"author":{"gitId":"-"},"content":"","isFullCredit":false},{"lineNumber":148,"author":{"gitId":"fangxinjia0203"},"content":"### Usage","isFullCredit":false},{"lineNumber":149,"author":{"gitId":"fangxinjia0203"},"content":"#### `bye` - Saves the progress and terminates the application.","isFullCredit":false},{"lineNumber":150,"author":{"gitId":"-"},"content":"","isFullCredit":false},{"lineNumber":151,"author":{"gitId":"-"},"content":"Expected outcome:","isFullCredit":false},{"lineNumber":152,"author":{"gitId":"fangxinjia0203"},"content":"```","isFullCredit":false},{"lineNumber":153,"author":{"gitId":"fangxinjia0203"},"content":" Bye. Hope to see you again soon!","isFullCredit":false},{"lineNumber":154,"author":{"gitId":"-"},"content":"","isFullCredit":false},{"lineNumber":155,"author":{"gitId":"fangxinjia0203"},"content":"```","isFullCredit":false}],"authorContributionMap":{"fangxinjia0203":137,"-":18}},{"path":"duke.txt","fileType":"txt","lines":[{"lineNumber":1,"author":{"gitId":"fangxinjia0203"},"content":"T | 0 | 123","isFullCredit":false}],"authorContributionMap":{"fangxinjia0203":1}},{"path":"src/main/java/Duke.java","fileType":"java","lines":[{"lineNumber":1,"author":{"gitId":"fangxinjia0203"},"content":"import java.util.Scanner;","isFullCredit":false},{"lineNumber":2,"author":{"gitId":"fangxinjia0203"},"content":"import java.util.ArrayList;","isFullCredit":false},{"lineNumber":3,"author":{"gitId":"fangxinjia0203"},"content":"import java.io.*;","isFullCredit":false},{"lineNumber":4,"author":{"gitId":"fangxinjia0203"},"content":"import Task.*;","isFullCredit":false},{"lineNumber":5,"author":{"gitId":"fangxinjia0203"},"content":"","isFullCredit":false},{"lineNumber":6,"author":{"gitId":"fangxinjia0203"},"content":"/***","isFullCredit":false},{"lineNumber":7,"author":{"gitId":"fangxinjia0203"},"content":" * Starts the application.","isFullCredit":false},{"lineNumber":8,"author":{"gitId":"fangxinjia0203"},"content":" * initializes the interaction with the user.","isFullCredit":false},{"lineNumber":9,"author":{"gitId":"fangxinjia0203"},"content":" */","isFullCredit":false},{"lineNumber":10,"author":{"gitId":"fangxinjia0203"},"content":"","isFullCredit":false},{"lineNumber":11,"author":{"gitId":"-"},"content":"public class Duke {","isFullCredit":false},{"lineNumber":12,"author":{"gitId":"fangxinjia0203"},"content":"    private final Storage storage;","isFullCredit":false},{"lineNumber":13,"author":{"gitId":"fangxinjia0203"},"content":"    private final Ui ui;","isFullCredit":false},{"lineNumber":14,"author":{"gitId":"fangxinjia0203"},"content":"","isFullCredit":false},{"lineNumber":15,"author":{"gitId":"fangxinjia0203"},"content":"    /**","isFullCredit":false},{"lineNumber":16,"author":{"gitId":"fangxinjia0203"},"content":"     * Runs the application.","isFullCredit":false},{"lineNumber":17,"author":{"gitId":"fangxinjia0203"},"content":"     */","isFullCredit":false},{"lineNumber":18,"author":{"gitId":"fangxinjia0203"},"content":"    public void run() throws IOException {","isFullCredit":false},{"lineNumber":19,"author":{"gitId":"fangxinjia0203"},"content":"        ui.welcome();","isFullCredit":false},{"lineNumber":20,"author":{"gitId":"fangxinjia0203"},"content":"        ArrayList\u003cTask\u003e Tasks \u003d new ArrayList\u003c\u003e();","isFullCredit":false},{"lineNumber":21,"author":{"gitId":"fangxinjia0203"},"content":"        storage.createFile();","isFullCredit":false},{"lineNumber":22,"author":{"gitId":"fangxinjia0203"},"content":"        storage.readFile(Tasks);","isFullCredit":false},{"lineNumber":23,"author":{"gitId":"fangxinjia0203"},"content":"        String line;","isFullCredit":false},{"lineNumber":24,"author":{"gitId":"fangxinjia0203"},"content":"        Scanner in \u003d new Scanner(System.in);","isFullCredit":false},{"lineNumber":25,"author":{"gitId":"fangxinjia0203"},"content":"        line \u003d in.nextLine();","isFullCredit":false},{"lineNumber":26,"author":{"gitId":"fangxinjia0203"},"content":"        while (!line.equals(\"bye\")) {","isFullCredit":false},{"lineNumber":27,"author":{"gitId":"fangxinjia0203"},"content":"            while(!line.equals(\"list\")) {","isFullCredit":false},{"lineNumber":28,"author":{"gitId":"fangxinjia0203"},"content":"                if (line.startsWith(\"done\")){","isFullCredit":false},{"lineNumber":29,"author":{"gitId":"fangxinjia0203"},"content":"                    TaskList.showDone(Tasks, line);","isFullCredit":false},{"lineNumber":30,"author":{"gitId":"fangxinjia0203"},"content":"                }","isFullCredit":false},{"lineNumber":31,"author":{"gitId":"fangxinjia0203"},"content":"                else if (line.startsWith(\"todo\")) {","isFullCredit":false},{"lineNumber":32,"author":{"gitId":"fangxinjia0203"},"content":"                    try {","isFullCredit":false},{"lineNumber":33,"author":{"gitId":"fangxinjia0203"},"content":"                        line.substring(line.indexOf(\" \"));","isFullCredit":false},{"lineNumber":34,"author":{"gitId":"fangxinjia0203"},"content":"                        Todo t \u003d new Todo(line.replace(\"todo \", \"\"));","isFullCredit":false},{"lineNumber":35,"author":{"gitId":"fangxinjia0203"},"content":"                        Tasks.add(t);","isFullCredit":false},{"lineNumber":36,"author":{"gitId":"fangxinjia0203"},"content":"                        TaskList.showAddTasks(t.toString(),Tasks.size());","isFullCredit":false},{"lineNumber":37,"author":{"gitId":"fangxinjia0203"},"content":"                    } catch (java.lang.StringIndexOutOfBoundsException e) {","isFullCredit":false},{"lineNumber":38,"author":{"gitId":"fangxinjia0203"},"content":"                        Ui.showEmptyDescriptionException(line);","isFullCredit":false},{"lineNumber":39,"author":{"gitId":"fangxinjia0203"},"content":"                    }","isFullCredit":false},{"lineNumber":40,"author":{"gitId":"fangxinjia0203"},"content":"                }","isFullCredit":false},{"lineNumber":41,"author":{"gitId":"fangxinjia0203"},"content":"                else if (line.startsWith(\"event\")) {","isFullCredit":false},{"lineNumber":42,"author":{"gitId":"fangxinjia0203"},"content":"                    try {","isFullCredit":false},{"lineNumber":43,"author":{"gitId":"fangxinjia0203"},"content":"                        line.substring(line.indexOf(\" \"));","isFullCredit":false},{"lineNumber":44,"author":{"gitId":"fangxinjia0203"},"content":"                        line \u003d line.replace(\"event\", \"\");","isFullCredit":false},{"lineNumber":45,"author":{"gitId":"fangxinjia0203"},"content":"                        String[] parts \u003d line.split(\"/at\");","isFullCredit":false},{"lineNumber":46,"author":{"gitId":"fangxinjia0203"},"content":"                        Event t \u003d new Event(parts[0].trim(), parts[1].trim());","isFullCredit":false},{"lineNumber":47,"author":{"gitId":"fangxinjia0203"},"content":"                        Tasks.add(t);","isFullCredit":false},{"lineNumber":48,"author":{"gitId":"fangxinjia0203"},"content":"                        TaskList.showAddTasks(t.toString(),Tasks.size());","isFullCredit":false},{"lineNumber":49,"author":{"gitId":"fangxinjia0203"},"content":"                    } catch (java.lang.StringIndexOutOfBoundsException e) {","isFullCredit":false},{"lineNumber":50,"author":{"gitId":"fangxinjia0203"},"content":"                        Ui.showEmptyDescriptionException(line);","isFullCredit":false},{"lineNumber":51,"author":{"gitId":"fangxinjia0203"},"content":"                    }","isFullCredit":false},{"lineNumber":52,"author":{"gitId":"fangxinjia0203"},"content":"                }","isFullCredit":false},{"lineNumber":53,"author":{"gitId":"fangxinjia0203"},"content":"                else if (line.startsWith(\"deadline\")) {","isFullCredit":false},{"lineNumber":54,"author":{"gitId":"fangxinjia0203"},"content":"                    try {","isFullCredit":false},{"lineNumber":55,"author":{"gitId":"fangxinjia0203"},"content":"                        line.substring(line.indexOf(\" \"));","isFullCredit":false},{"lineNumber":56,"author":{"gitId":"fangxinjia0203"},"content":"                        line \u003d line.replace(\"deadline\", \"\");","isFullCredit":false},{"lineNumber":57,"author":{"gitId":"fangxinjia0203"},"content":"                        String[] parts \u003d line.split(\"/by\");","isFullCredit":false},{"lineNumber":58,"author":{"gitId":"fangxinjia0203"},"content":"                        Deadline t \u003d new Deadline(parts[0].trim(), parts[1].trim());","isFullCredit":false},{"lineNumber":59,"author":{"gitId":"fangxinjia0203"},"content":"                        Tasks.add(t);","isFullCredit":false},{"lineNumber":60,"author":{"gitId":"fangxinjia0203"},"content":"                        TaskList.showAddTasks(t.toString(),Tasks.size());","isFullCredit":false},{"lineNumber":61,"author":{"gitId":"fangxinjia0203"},"content":"                    } catch (java.lang.StringIndexOutOfBoundsException e) {","isFullCredit":false},{"lineNumber":62,"author":{"gitId":"fangxinjia0203"},"content":"                        Ui.showEmptyDescriptionException(line);","isFullCredit":false},{"lineNumber":63,"author":{"gitId":"fangxinjia0203"},"content":"                        }","isFullCredit":false},{"lineNumber":64,"author":{"gitId":"fangxinjia0203"},"content":"                }","isFullCredit":false},{"lineNumber":65,"author":{"gitId":"fangxinjia0203"},"content":"                else if (line.startsWith(\"delete\")) {","isFullCredit":false},{"lineNumber":66,"author":{"gitId":"fangxinjia0203"},"content":"                    TaskList.showRemoveTasks(Tasks, line);","isFullCredit":false},{"lineNumber":67,"author":{"gitId":"fangxinjia0203"},"content":"                }","isFullCredit":false},{"lineNumber":68,"author":{"gitId":"fangxinjia0203"},"content":"                else if (line.startsWith(\"find\")){","isFullCredit":false},{"lineNumber":69,"author":{"gitId":"fangxinjia0203"},"content":"                    try {","isFullCredit":false},{"lineNumber":70,"author":{"gitId":"fangxinjia0203"},"content":"                        line.substring(line.indexOf(\" \"));","isFullCredit":false},{"lineNumber":71,"author":{"gitId":"fangxinjia0203"},"content":"                        line \u003d line.replace(\"find \", \"\");","isFullCredit":false},{"lineNumber":72,"author":{"gitId":"fangxinjia0203"},"content":"                        TaskList.findTasks(Tasks, line);","isFullCredit":false},{"lineNumber":73,"author":{"gitId":"fangxinjia0203"},"content":"                    } catch (java.lang.StringIndexOutOfBoundsException e) {","isFullCredit":false},{"lineNumber":74,"author":{"gitId":"fangxinjia0203"},"content":"                        Ui.showEmptyDescriptionException(line);","isFullCredit":false},{"lineNumber":75,"author":{"gitId":"fangxinjia0203"},"content":"                    }","isFullCredit":false},{"lineNumber":76,"author":{"gitId":"fangxinjia0203"},"content":"","isFullCredit":false},{"lineNumber":77,"author":{"gitId":"fangxinjia0203"},"content":"                }","isFullCredit":false},{"lineNumber":78,"author":{"gitId":"fangxinjia0203"},"content":"                else if (!line.equals(\"\")){","isFullCredit":false},{"lineNumber":79,"author":{"gitId":"fangxinjia0203"},"content":"                    Ui.showException();","isFullCredit":false},{"lineNumber":80,"author":{"gitId":"fangxinjia0203"},"content":"                }","isFullCredit":false},{"lineNumber":81,"author":{"gitId":"fangxinjia0203"},"content":"                break;","isFullCredit":false},{"lineNumber":82,"author":{"gitId":"fangxinjia0203"},"content":"","isFullCredit":false},{"lineNumber":83,"author":{"gitId":"fangxinjia0203"},"content":"            }","isFullCredit":false},{"lineNumber":84,"author":{"gitId":"fangxinjia0203"},"content":"            while(line.equals(\"list\")){","isFullCredit":false},{"lineNumber":85,"author":{"gitId":"fangxinjia0203"},"content":"                TaskList.showList(Tasks);","isFullCredit":false},{"lineNumber":86,"author":{"gitId":"fangxinjia0203"},"content":"                break;","isFullCredit":false},{"lineNumber":87,"author":{"gitId":"fangxinjia0203"},"content":"","isFullCredit":false},{"lineNumber":88,"author":{"gitId":"fangxinjia0203"},"content":"            }","isFullCredit":false},{"lineNumber":89,"author":{"gitId":"fangxinjia0203"},"content":"            line \u003d in.nextLine();","isFullCredit":false},{"lineNumber":90,"author":{"gitId":"fangxinjia0203"},"content":"        }","isFullCredit":false},{"lineNumber":91,"author":{"gitId":"fangxinjia0203"},"content":"        ui.bye();","isFullCredit":false},{"lineNumber":92,"author":{"gitId":"fangxinjia0203"},"content":"        storage.writeFile(Tasks);","isFullCredit":false},{"lineNumber":93,"author":{"gitId":"-"},"content":"    }","isFullCredit":false},{"lineNumber":94,"author":{"gitId":"fangxinjia0203"},"content":"","isFullCredit":false},{"lineNumber":95,"author":{"gitId":"fangxinjia0203"},"content":"    /***","isFullCredit":false},{"lineNumber":96,"author":{"gitId":"fangxinjia0203"},"content":"     * loads the required objects.","isFullCredit":false},{"lineNumber":97,"author":{"gitId":"fangxinjia0203"},"content":"     */","isFullCredit":false},{"lineNumber":98,"author":{"gitId":"fangxinjia0203"},"content":"    public Duke() {","isFullCredit":false},{"lineNumber":99,"author":{"gitId":"fangxinjia0203"},"content":"        storage \u003d new Storage();","isFullCredit":false},{"lineNumber":100,"author":{"gitId":"fangxinjia0203"},"content":"        ui \u003d new Ui();","isFullCredit":false},{"lineNumber":101,"author":{"gitId":"fangxinjia0203"},"content":"    }","isFullCredit":false},{"lineNumber":102,"author":{"gitId":"fangxinjia0203"},"content":"","isFullCredit":false},{"lineNumber":103,"author":{"gitId":"fangxinjia0203"},"content":"    public static void main(String[] args) throws IOException {","isFullCredit":false},{"lineNumber":104,"author":{"gitId":"fangxinjia0203"},"content":"        new Duke().run();","isFullCredit":false},{"lineNumber":105,"author":{"gitId":"-"},"content":"    }","isFullCredit":false},{"lineNumber":106,"author":{"gitId":"fangxinjia0203"},"content":"","isFullCredit":false},{"lineNumber":107,"author":{"gitId":"fangxinjia0203"},"content":"","isFullCredit":false},{"lineNumber":108,"author":{"gitId":"-"},"content":"}","isFullCredit":false}],"authorContributionMap":{"fangxinjia0203":104,"-":4}},{"path":"src/main/java/Parser.java","fileType":"java","lines":[{"lineNumber":1,"author":{"gitId":"fangxinjia0203"},"content":"public class Parser {","isFullCredit":false},{"lineNumber":2,"author":{"gitId":"fangxinjia0203"},"content":"    /***","isFullCredit":false},{"lineNumber":3,"author":{"gitId":"fangxinjia0203"},"content":"     * Parses a string to integer.","isFullCredit":false},{"lineNumber":4,"author":{"gitId":"fangxinjia0203"},"content":"     * @param input A string type number.","isFullCredit":false},{"lineNumber":5,"author":{"gitId":"fangxinjia0203"},"content":"     * @return A int type number.","isFullCredit":false},{"lineNumber":6,"author":{"gitId":"fangxinjia0203"},"content":"     */","isFullCredit":false},{"lineNumber":7,"author":{"gitId":"fangxinjia0203"},"content":"    protected static int parserToInteger(String input) {","isFullCredit":false},{"lineNumber":8,"author":{"gitId":"fangxinjia0203"},"content":"        return Integer.parseInt(input);","isFullCredit":false},{"lineNumber":9,"author":{"gitId":"fangxinjia0203"},"content":"    }","isFullCredit":false},{"lineNumber":10,"author":{"gitId":"fangxinjia0203"},"content":"}","isFullCredit":false}],"authorContributionMap":{"fangxinjia0203":10}},{"path":"src/main/java/Storage.java","fileType":"java","lines":[{"lineNumber":1,"author":{"gitId":"fangxinjia0203"},"content":"import Task.*;","isFullCredit":false},{"lineNumber":2,"author":{"gitId":"fangxinjia0203"},"content":"import java.io.*;","isFullCredit":false},{"lineNumber":3,"author":{"gitId":"fangxinjia0203"},"content":"import java.util.ArrayList;","isFullCredit":false},{"lineNumber":4,"author":{"gitId":"fangxinjia0203"},"content":"import java.util.Scanner;","isFullCredit":false},{"lineNumber":5,"author":{"gitId":"fangxinjia0203"},"content":"","isFullCredit":false},{"lineNumber":6,"author":{"gitId":"fangxinjia0203"},"content":"public class Storage {","isFullCredit":false},{"lineNumber":7,"author":{"gitId":"fangxinjia0203"},"content":"","isFullCredit":false},{"lineNumber":8,"author":{"gitId":"fangxinjia0203"},"content":"    /***","isFullCredit":false},{"lineNumber":9,"author":{"gitId":"fangxinjia0203"},"content":"     * Loads a file from a previously saved location.","isFullCredit":false},{"lineNumber":10,"author":{"gitId":"fangxinjia0203"},"content":"     * @param Tasks An arraylist of tasks.","isFullCredit":false},{"lineNumber":11,"author":{"gitId":"fangxinjia0203"},"content":"     * @throws FileNotFoundException location of the file does not exist.","isFullCredit":false},{"lineNumber":12,"author":{"gitId":"fangxinjia0203"},"content":"     */","isFullCredit":false},{"lineNumber":13,"author":{"gitId":"fangxinjia0203"},"content":"    static void readFile(ArrayList\u003cTask\u003e Tasks) throws FileNotFoundException {","isFullCredit":false},{"lineNumber":14,"author":{"gitId":"fangxinjia0203"},"content":"        FileInputStream data \u003d new FileInputStream(\"duke.txt\");","isFullCredit":false},{"lineNumber":15,"author":{"gitId":"fangxinjia0203"},"content":"        Scanner sc \u003d new Scanner(data);","isFullCredit":false},{"lineNumber":16,"author":{"gitId":"fangxinjia0203"},"content":"","isFullCredit":false},{"lineNumber":17,"author":{"gitId":"fangxinjia0203"},"content":"        while (sc.hasNextLine()) {","isFullCredit":false},{"lineNumber":18,"author":{"gitId":"fangxinjia0203"},"content":"            String line \u003d sc.nextLine();","isFullCredit":false},{"lineNumber":19,"author":{"gitId":"fangxinjia0203"},"content":"            String[] parts \u003d line.split(\"\\\\|\");","isFullCredit":false},{"lineNumber":20,"author":{"gitId":"fangxinjia0203"},"content":"            String type \u003d parts[0].trim();","isFullCredit":false},{"lineNumber":21,"author":{"gitId":"fangxinjia0203"},"content":"            String status \u003d parts[1].trim();","isFullCredit":false},{"lineNumber":22,"author":{"gitId":"fangxinjia0203"},"content":"            String name \u003d parts[2].trim();","isFullCredit":false},{"lineNumber":23,"author":{"gitId":"fangxinjia0203"},"content":"            if (type.equals(\"T\")) {","isFullCredit":false},{"lineNumber":24,"author":{"gitId":"fangxinjia0203"},"content":"                Task t \u003d new Todo(name);","isFullCredit":false},{"lineNumber":25,"author":{"gitId":"fangxinjia0203"},"content":"                Tasks.add(t);","isFullCredit":false},{"lineNumber":26,"author":{"gitId":"fangxinjia0203"},"content":"                if (status.equals(\"1\")) {","isFullCredit":false},{"lineNumber":27,"author":{"gitId":"fangxinjia0203"},"content":"                    t.markAsDone();","isFullCredit":false},{"lineNumber":28,"author":{"gitId":"fangxinjia0203"},"content":"                }","isFullCredit":false},{"lineNumber":29,"author":{"gitId":"fangxinjia0203"},"content":"            } else if (type.equals(\"D\")) {","isFullCredit":false},{"lineNumber":30,"author":{"gitId":"fangxinjia0203"},"content":"                String time \u003d parts[3].trim();","isFullCredit":false},{"lineNumber":31,"author":{"gitId":"fangxinjia0203"},"content":"                Deadline t \u003d new Deadline(name, time);","isFullCredit":false},{"lineNumber":32,"author":{"gitId":"fangxinjia0203"},"content":"                Tasks.add(t);","isFullCredit":false},{"lineNumber":33,"author":{"gitId":"fangxinjia0203"},"content":"                if (status.equals(\"1\")) {","isFullCredit":false},{"lineNumber":34,"author":{"gitId":"fangxinjia0203"},"content":"                    t.markAsDone();","isFullCredit":false},{"lineNumber":35,"author":{"gitId":"fangxinjia0203"},"content":"                }","isFullCredit":false},{"lineNumber":36,"author":{"gitId":"fangxinjia0203"},"content":"            } else if (type.equals(\"E\")){","isFullCredit":false},{"lineNumber":37,"author":{"gitId":"fangxinjia0203"},"content":"                String time \u003d parts[3].trim();","isFullCredit":false},{"lineNumber":38,"author":{"gitId":"fangxinjia0203"},"content":"                Event t \u003d new Event(name, time);","isFullCredit":false},{"lineNumber":39,"author":{"gitId":"fangxinjia0203"},"content":"                Tasks.add(t);","isFullCredit":false},{"lineNumber":40,"author":{"gitId":"fangxinjia0203"},"content":"                if (status.equals(\"1\")) {","isFullCredit":false},{"lineNumber":41,"author":{"gitId":"fangxinjia0203"},"content":"                    t.markAsDone();","isFullCredit":false},{"lineNumber":42,"author":{"gitId":"fangxinjia0203"},"content":"                }","isFullCredit":false},{"lineNumber":43,"author":{"gitId":"fangxinjia0203"},"content":"            }","isFullCredit":false},{"lineNumber":44,"author":{"gitId":"fangxinjia0203"},"content":"        }","isFullCredit":false},{"lineNumber":45,"author":{"gitId":"fangxinjia0203"},"content":"","isFullCredit":false},{"lineNumber":46,"author":{"gitId":"fangxinjia0203"},"content":"    }","isFullCredit":false},{"lineNumber":47,"author":{"gitId":"fangxinjia0203"},"content":"","isFullCredit":false},{"lineNumber":48,"author":{"gitId":"fangxinjia0203"},"content":"    /***","isFullCredit":false},{"lineNumber":49,"author":{"gitId":"fangxinjia0203"},"content":"     * Modifies the file","isFullCredit":false},{"lineNumber":50,"author":{"gitId":"fangxinjia0203"},"content":"     * @param Tasks Tasks in the arraylist that want to be saved.","isFullCredit":false},{"lineNumber":51,"author":{"gitId":"fangxinjia0203"},"content":"     * @throws IOException","isFullCredit":false},{"lineNumber":52,"author":{"gitId":"fangxinjia0203"},"content":"     */","isFullCredit":false},{"lineNumber":53,"author":{"gitId":"fangxinjia0203"},"content":"    static void writeFile(ArrayList\u003cTask\u003e Tasks) throws IOException {","isFullCredit":false},{"lineNumber":54,"author":{"gitId":"fangxinjia0203"},"content":"        File file \u003d new File(\"duke.txt\");","isFullCredit":false},{"lineNumber":55,"author":{"gitId":"fangxinjia0203"},"content":"        FileWriter writer \u003d new FileWriter(file);","isFullCredit":false},{"lineNumber":56,"author":{"gitId":"fangxinjia0203"},"content":"        for (Task t : Tasks) {","isFullCredit":false},{"lineNumber":57,"author":{"gitId":"fangxinjia0203"},"content":"            if (t instanceof Todo) {","isFullCredit":false},{"lineNumber":58,"author":{"gitId":"fangxinjia0203"},"content":"                writer.write(\"T | \" + t.getStatusNumber().trim() + \" | \" + t.getDescription().trim());","isFullCredit":false},{"lineNumber":59,"author":{"gitId":"fangxinjia0203"},"content":"            }","isFullCredit":false},{"lineNumber":60,"author":{"gitId":"fangxinjia0203"},"content":"            else if(t instanceof Event){","isFullCredit":false},{"lineNumber":61,"author":{"gitId":"fangxinjia0203"},"content":"                writer.write(\"E | \" + t.getStatusNumber().trim() + \" | \" + t.getDescription().trim() + \" | \" + t.getTime().trim());","isFullCredit":false},{"lineNumber":62,"author":{"gitId":"fangxinjia0203"},"content":"            }","isFullCredit":false},{"lineNumber":63,"author":{"gitId":"fangxinjia0203"},"content":"            else if(t instanceof Deadline){","isFullCredit":false},{"lineNumber":64,"author":{"gitId":"fangxinjia0203"},"content":"                writer.write(\"D | \" + t.getStatusNumber().trim() + \" | \" + t.getDescription().trim() + \" | \" + t.getTime().trim());","isFullCredit":false},{"lineNumber":65,"author":{"gitId":"fangxinjia0203"},"content":"            }","isFullCredit":false},{"lineNumber":66,"author":{"gitId":"fangxinjia0203"},"content":"            writer.write(\"\\r\\n\");","isFullCredit":false},{"lineNumber":67,"author":{"gitId":"fangxinjia0203"},"content":"        }","isFullCredit":false},{"lineNumber":68,"author":{"gitId":"fangxinjia0203"},"content":"        writer.close();","isFullCredit":false},{"lineNumber":69,"author":{"gitId":"fangxinjia0203"},"content":"    }","isFullCredit":false},{"lineNumber":70,"author":{"gitId":"fangxinjia0203"},"content":"    static void createFile() {","isFullCredit":false},{"lineNumber":71,"author":{"gitId":"fangxinjia0203"},"content":"        try {","isFullCredit":false},{"lineNumber":72,"author":{"gitId":"fangxinjia0203"},"content":"            File file \u003d new File(\"duke.txt\");","isFullCredit":false},{"lineNumber":73,"author":{"gitId":"fangxinjia0203"},"content":"            if (file.createNewFile()) {}","isFullCredit":false},{"lineNumber":74,"author":{"gitId":"fangxinjia0203"},"content":"        } catch (IOException e) {","isFullCredit":false},{"lineNumber":75,"author":{"gitId":"fangxinjia0203"},"content":"            e.printStackTrace();","isFullCredit":false},{"lineNumber":76,"author":{"gitId":"fangxinjia0203"},"content":"        }","isFullCredit":false},{"lineNumber":77,"author":{"gitId":"fangxinjia0203"},"content":"    }","isFullCredit":false},{"lineNumber":78,"author":{"gitId":"fangxinjia0203"},"content":"}","isFullCredit":false}],"authorContributionMap":{"fangxinjia0203":78}},{"path":"src/main/java/Task/Deadline.java","fileType":"java","lines":[{"lineNumber":1,"author":{"gitId":"fangxinjia0203"},"content":"package Task;","isFullCredit":false},{"lineNumber":2,"author":{"gitId":"fangxinjia0203"},"content":"","isFullCredit":false},{"lineNumber":3,"author":{"gitId":"fangxinjia0203"},"content":"/***","isFullCredit":false},{"lineNumber":4,"author":{"gitId":"fangxinjia0203"},"content":" * Represents a task with deadline in the task list.","isFullCredit":false},{"lineNumber":5,"author":{"gitId":"fangxinjia0203"},"content":" */","isFullCredit":false},{"lineNumber":6,"author":{"gitId":"fangxinjia0203"},"content":"","isFullCredit":false},{"lineNumber":7,"author":{"gitId":"fangxinjia0203"},"content":"public class Deadline extends Task {","isFullCredit":false},{"lineNumber":8,"author":{"gitId":"fangxinjia0203"},"content":"","isFullCredit":false},{"lineNumber":9,"author":{"gitId":"fangxinjia0203"},"content":"    protected String by;","isFullCredit":false},{"lineNumber":10,"author":{"gitId":"fangxinjia0203"},"content":"","isFullCredit":false},{"lineNumber":11,"author":{"gitId":"fangxinjia0203"},"content":"    public Deadline(String description, String by) {","isFullCredit":false},{"lineNumber":12,"author":{"gitId":"fangxinjia0203"},"content":"        super(description);","isFullCredit":false},{"lineNumber":13,"author":{"gitId":"fangxinjia0203"},"content":"        this.by \u003d by;","isFullCredit":false},{"lineNumber":14,"author":{"gitId":"fangxinjia0203"},"content":"    }","isFullCredit":false},{"lineNumber":15,"author":{"gitId":"fangxinjia0203"},"content":"    @Override","isFullCredit":false},{"lineNumber":16,"author":{"gitId":"fangxinjia0203"},"content":"    public String getTime() {","isFullCredit":false},{"lineNumber":17,"author":{"gitId":"fangxinjia0203"},"content":"        return by;","isFullCredit":false},{"lineNumber":18,"author":{"gitId":"fangxinjia0203"},"content":"    }","isFullCredit":false},{"lineNumber":19,"author":{"gitId":"fangxinjia0203"},"content":"","isFullCredit":false},{"lineNumber":20,"author":{"gitId":"fangxinjia0203"},"content":"    public String toString() {","isFullCredit":false},{"lineNumber":21,"author":{"gitId":"fangxinjia0203"},"content":"        return \"[D]\" + super.toString() + \" (by: \" + by + \")\";","isFullCredit":false},{"lineNumber":22,"author":{"gitId":"fangxinjia0203"},"content":"    }","isFullCredit":false},{"lineNumber":23,"author":{"gitId":"fangxinjia0203"},"content":"}","isFullCredit":false}],"authorContributionMap":{"fangxinjia0203":23}},{"path":"src/main/java/Task/Event.java","fileType":"java","lines":[{"lineNumber":1,"author":{"gitId":"fangxinjia0203"},"content":"package Task;","isFullCredit":false},{"lineNumber":2,"author":{"gitId":"fangxinjia0203"},"content":"","isFullCredit":false},{"lineNumber":3,"author":{"gitId":"fangxinjia0203"},"content":"/***","isFullCredit":false},{"lineNumber":4,"author":{"gitId":"fangxinjia0203"},"content":" * Represents a event with time in the task list.","isFullCredit":false},{"lineNumber":5,"author":{"gitId":"fangxinjia0203"},"content":" */","isFullCredit":false},{"lineNumber":6,"author":{"gitId":"fangxinjia0203"},"content":"public class Event extends Task {","isFullCredit":false},{"lineNumber":7,"author":{"gitId":"fangxinjia0203"},"content":"","isFullCredit":false},{"lineNumber":8,"author":{"gitId":"fangxinjia0203"},"content":"    protected String at;","isFullCredit":false},{"lineNumber":9,"author":{"gitId":"fangxinjia0203"},"content":"","isFullCredit":false},{"lineNumber":10,"author":{"gitId":"fangxinjia0203"},"content":"    public Event(String description, String at) {","isFullCredit":false},{"lineNumber":11,"author":{"gitId":"fangxinjia0203"},"content":"        super(description);","isFullCredit":false},{"lineNumber":12,"author":{"gitId":"fangxinjia0203"},"content":"        this.at \u003d at;","isFullCredit":false},{"lineNumber":13,"author":{"gitId":"fangxinjia0203"},"content":"    }","isFullCredit":false},{"lineNumber":14,"author":{"gitId":"fangxinjia0203"},"content":"","isFullCredit":false},{"lineNumber":15,"author":{"gitId":"fangxinjia0203"},"content":"    @Override","isFullCredit":false},{"lineNumber":16,"author":{"gitId":"fangxinjia0203"},"content":"    public String getTime() {","isFullCredit":false},{"lineNumber":17,"author":{"gitId":"fangxinjia0203"},"content":"        return at;","isFullCredit":false},{"lineNumber":18,"author":{"gitId":"fangxinjia0203"},"content":"    }","isFullCredit":false},{"lineNumber":19,"author":{"gitId":"fangxinjia0203"},"content":"    public String toString() {","isFullCredit":false},{"lineNumber":20,"author":{"gitId":"fangxinjia0203"},"content":"        return \"[E]\" + super.toString() + \" (at: \" + at + \")\";","isFullCredit":false},{"lineNumber":21,"author":{"gitId":"fangxinjia0203"},"content":"    }","isFullCredit":false},{"lineNumber":22,"author":{"gitId":"fangxinjia0203"},"content":"}","isFullCredit":false}],"authorContributionMap":{"fangxinjia0203":22}},{"path":"src/main/java/Task/Task.java","fileType":"java","lines":[{"lineNumber":1,"author":{"gitId":"fangxinjia0203"},"content":"package Task;","isFullCredit":false},{"lineNumber":2,"author":{"gitId":"fangxinjia0203"},"content":"","isFullCredit":false},{"lineNumber":3,"author":{"gitId":"fangxinjia0203"},"content":"/***","isFullCredit":false},{"lineNumber":4,"author":{"gitId":"fangxinjia0203"},"content":" * Represents a task in the task list.","isFullCredit":false},{"lineNumber":5,"author":{"gitId":"fangxinjia0203"},"content":" */","isFullCredit":false},{"lineNumber":6,"author":{"gitId":"fangxinjia0203"},"content":"","isFullCredit":false},{"lineNumber":7,"author":{"gitId":"fangxinjia0203"},"content":"public class Task {","isFullCredit":false},{"lineNumber":8,"author":{"gitId":"fangxinjia0203"},"content":"    protected String description;","isFullCredit":false},{"lineNumber":9,"author":{"gitId":"fangxinjia0203"},"content":"    protected boolean isDone;","isFullCredit":false},{"lineNumber":10,"author":{"gitId":"fangxinjia0203"},"content":"","isFullCredit":false},{"lineNumber":11,"author":{"gitId":"fangxinjia0203"},"content":"    public Task(String description) {","isFullCredit":false},{"lineNumber":12,"author":{"gitId":"fangxinjia0203"},"content":"        this.description \u003d description;","isFullCredit":false},{"lineNumber":13,"author":{"gitId":"fangxinjia0203"},"content":"        this.isDone \u003d false;","isFullCredit":false},{"lineNumber":14,"author":{"gitId":"fangxinjia0203"},"content":"    }","isFullCredit":false},{"lineNumber":15,"author":{"gitId":"fangxinjia0203"},"content":"","isFullCredit":false},{"lineNumber":16,"author":{"gitId":"fangxinjia0203"},"content":"    public String getStatusIcon() {","isFullCredit":false},{"lineNumber":17,"author":{"gitId":"fangxinjia0203"},"content":"        return (isDone ? \"X\" : \" \");","isFullCredit":false},{"lineNumber":18,"author":{"gitId":"fangxinjia0203"},"content":"    }","isFullCredit":false},{"lineNumber":19,"author":{"gitId":"fangxinjia0203"},"content":"    public String getStatusNumber() {","isFullCredit":false},{"lineNumber":20,"author":{"gitId":"fangxinjia0203"},"content":"        return (isDone ? \"1\" : \"0\");","isFullCredit":false},{"lineNumber":21,"author":{"gitId":"fangxinjia0203"},"content":"    }","isFullCredit":false},{"lineNumber":22,"author":{"gitId":"fangxinjia0203"},"content":"","isFullCredit":false},{"lineNumber":23,"author":{"gitId":"fangxinjia0203"},"content":"    public void markAsDone() {","isFullCredit":false},{"lineNumber":24,"author":{"gitId":"fangxinjia0203"},"content":"        this.isDone \u003d true;","isFullCredit":false},{"lineNumber":25,"author":{"gitId":"fangxinjia0203"},"content":"    }","isFullCredit":false},{"lineNumber":26,"author":{"gitId":"fangxinjia0203"},"content":"","isFullCredit":false},{"lineNumber":27,"author":{"gitId":"fangxinjia0203"},"content":"    public String getDescription() {","isFullCredit":false},{"lineNumber":28,"author":{"gitId":"fangxinjia0203"},"content":"        return description;","isFullCredit":false},{"lineNumber":29,"author":{"gitId":"fangxinjia0203"},"content":"    }","isFullCredit":false},{"lineNumber":30,"author":{"gitId":"fangxinjia0203"},"content":"","isFullCredit":false},{"lineNumber":31,"author":{"gitId":"fangxinjia0203"},"content":"    public String toString() {","isFullCredit":false},{"lineNumber":32,"author":{"gitId":"fangxinjia0203"},"content":"        return \"[\" + this.getStatusIcon() + \"] \" + this.getDescription();","isFullCredit":false},{"lineNumber":33,"author":{"gitId":"fangxinjia0203"},"content":"    }","isFullCredit":false},{"lineNumber":34,"author":{"gitId":"fangxinjia0203"},"content":"","isFullCredit":false},{"lineNumber":35,"author":{"gitId":"fangxinjia0203"},"content":"    public String getTime(){","isFullCredit":false},{"lineNumber":36,"author":{"gitId":"fangxinjia0203"},"content":"        return null;","isFullCredit":false},{"lineNumber":37,"author":{"gitId":"fangxinjia0203"},"content":"    }","isFullCredit":false},{"lineNumber":38,"author":{"gitId":"fangxinjia0203"},"content":"","isFullCredit":false},{"lineNumber":39,"author":{"gitId":"fangxinjia0203"},"content":"","isFullCredit":false},{"lineNumber":40,"author":{"gitId":"fangxinjia0203"},"content":"","isFullCredit":false},{"lineNumber":41,"author":{"gitId":"fangxinjia0203"},"content":"}","isFullCredit":false}],"authorContributionMap":{"fangxinjia0203":41}},{"path":"src/main/java/Task/Todo.java","fileType":"java","lines":[{"lineNumber":1,"author":{"gitId":"fangxinjia0203"},"content":"package Task;","isFullCredit":false},{"lineNumber":2,"author":{"gitId":"fangxinjia0203"},"content":"","isFullCredit":false},{"lineNumber":3,"author":{"gitId":"fangxinjia0203"},"content":"/***","isFullCredit":false},{"lineNumber":4,"author":{"gitId":"fangxinjia0203"},"content":" * Represents a task that wants to be done in the task list.","isFullCredit":false},{"lineNumber":5,"author":{"gitId":"fangxinjia0203"},"content":" */","isFullCredit":false},{"lineNumber":6,"author":{"gitId":"fangxinjia0203"},"content":"","isFullCredit":false},{"lineNumber":7,"author":{"gitId":"fangxinjia0203"},"content":"public class Todo extends Task {","isFullCredit":false},{"lineNumber":8,"author":{"gitId":"fangxinjia0203"},"content":"","isFullCredit":false},{"lineNumber":9,"author":{"gitId":"fangxinjia0203"},"content":"","isFullCredit":false},{"lineNumber":10,"author":{"gitId":"fangxinjia0203"},"content":"    public Todo(String description) {","isFullCredit":false},{"lineNumber":11,"author":{"gitId":"fangxinjia0203"},"content":"        super(description);","isFullCredit":false},{"lineNumber":12,"author":{"gitId":"fangxinjia0203"},"content":"","isFullCredit":false},{"lineNumber":13,"author":{"gitId":"fangxinjia0203"},"content":"    }","isFullCredit":false},{"lineNumber":14,"author":{"gitId":"fangxinjia0203"},"content":"","isFullCredit":false},{"lineNumber":15,"author":{"gitId":"fangxinjia0203"},"content":"    @Override","isFullCredit":false},{"lineNumber":16,"author":{"gitId":"fangxinjia0203"},"content":"    public String toString() {","isFullCredit":false},{"lineNumber":17,"author":{"gitId":"fangxinjia0203"},"content":"        return \"[T]\" + super.toString();","isFullCredit":false},{"lineNumber":18,"author":{"gitId":"fangxinjia0203"},"content":"    }","isFullCredit":false},{"lineNumber":19,"author":{"gitId":"fangxinjia0203"},"content":"}","isFullCredit":false}],"authorContributionMap":{"fangxinjia0203":19}},{"path":"src/main/java/TaskList.java","fileType":"java","lines":[{"lineNumber":1,"author":{"gitId":"fangxinjia0203"},"content":"import Task.*;","isFullCredit":false},{"lineNumber":2,"author":{"gitId":"fangxinjia0203"},"content":"","isFullCredit":false},{"lineNumber":3,"author":{"gitId":"fangxinjia0203"},"content":"import java.util.ArrayList;","isFullCredit":false},{"lineNumber":4,"author":{"gitId":"fangxinjia0203"},"content":"","isFullCredit":false},{"lineNumber":5,"author":{"gitId":"fangxinjia0203"},"content":"public class TaskList {","isFullCredit":false},{"lineNumber":6,"author":{"gitId":"fangxinjia0203"},"content":"","isFullCredit":false},{"lineNumber":7,"author":{"gitId":"fangxinjia0203"},"content":"    public static void showDone(ArrayList\u003cTask\u003e Tasks,String line) {","isFullCredit":false},{"lineNumber":8,"author":{"gitId":"fangxinjia0203"},"content":"        String[] parts \u003d line.split(\" \");","isFullCredit":false},{"lineNumber":9,"author":{"gitId":"fangxinjia0203"},"content":"        int i\u003dParser.parserToInteger(parts[1].trim());","isFullCredit":false},{"lineNumber":10,"author":{"gitId":"fangxinjia0203"},"content":"        Tasks.get(i-1).markAsDone();","isFullCredit":false},{"lineNumber":11,"author":{"gitId":"fangxinjia0203"},"content":"        System.out.println(\"____________________________________________________________\\n\");","isFullCredit":false},{"lineNumber":12,"author":{"gitId":"fangxinjia0203"},"content":"        System.out.println(\"Nice! I\u0027ve marked this task as done:\\n \");","isFullCredit":false},{"lineNumber":13,"author":{"gitId":"fangxinjia0203"},"content":"        System.out.println(Tasks.get(i-1).toString() + \"\\n\");","isFullCredit":false},{"lineNumber":14,"author":{"gitId":"fangxinjia0203"},"content":"        System.out.println(\"____________________________________________________________\\n\");","isFullCredit":false},{"lineNumber":15,"author":{"gitId":"fangxinjia0203"},"content":"    }","isFullCredit":false},{"lineNumber":16,"author":{"gitId":"fangxinjia0203"},"content":"","isFullCredit":false},{"lineNumber":17,"author":{"gitId":"fangxinjia0203"},"content":"    /***","isFullCredit":false},{"lineNumber":18,"author":{"gitId":"fangxinjia0203"},"content":"     * Tells the user the completion of adding the task into the task list and the total number of tasks in the list.","isFullCredit":false},{"lineNumber":19,"author":{"gitId":"fangxinjia0203"},"content":"     * @param string Task name that wants to be added.","isFullCredit":false},{"lineNumber":20,"author":{"gitId":"fangxinjia0203"},"content":"     * @param size Total number of tasks in the list.","isFullCredit":false},{"lineNumber":21,"author":{"gitId":"fangxinjia0203"},"content":"     */","isFullCredit":false},{"lineNumber":22,"author":{"gitId":"fangxinjia0203"},"content":"    public static void showAddTasks(String string, int size){","isFullCredit":false},{"lineNumber":23,"author":{"gitId":"fangxinjia0203"},"content":"        System.out.println(\"____________________________________________________________\\n\");","isFullCredit":false},{"lineNumber":24,"author":{"gitId":"fangxinjia0203"},"content":"        System.out.println(\"Got it. I\u0027ve added this task:\\n\");","isFullCredit":false},{"lineNumber":25,"author":{"gitId":"fangxinjia0203"},"content":"        System.out.println(string + \"\\n\");","isFullCredit":false},{"lineNumber":26,"author":{"gitId":"fangxinjia0203"},"content":"        System.out.println(\"Now you have \" + size + \" tasks in the list.\\n\");","isFullCredit":false},{"lineNumber":27,"author":{"gitId":"fangxinjia0203"},"content":"        System.out.println(\"____________________________________________________________\\n\");","isFullCredit":false},{"lineNumber":28,"author":{"gitId":"fangxinjia0203"},"content":"    }","isFullCredit":false},{"lineNumber":29,"author":{"gitId":"fangxinjia0203"},"content":"","isFullCredit":false},{"lineNumber":30,"author":{"gitId":"fangxinjia0203"},"content":"    /***","isFullCredit":false},{"lineNumber":31,"author":{"gitId":"fangxinjia0203"},"content":"     * Tells the user the completion of removing the task from the task list and the total number of tasks in the list.","isFullCredit":false},{"lineNumber":32,"author":{"gitId":"fangxinjia0203"},"content":"     * @param Tasks Tasks saved in the arraylist.","isFullCredit":false},{"lineNumber":33,"author":{"gitId":"fangxinjia0203"},"content":"     * @param line User input.","isFullCredit":false},{"lineNumber":34,"author":{"gitId":"fangxinjia0203"},"content":"     */","isFullCredit":false},{"lineNumber":35,"author":{"gitId":"fangxinjia0203"},"content":"    public static void showRemoveTasks(ArrayList\u003cTask\u003e Tasks,String line){","isFullCredit":false},{"lineNumber":36,"author":{"gitId":"fangxinjia0203"},"content":"        System.out.println(\"____________________________________________________________\\n\");","isFullCredit":false},{"lineNumber":37,"author":{"gitId":"fangxinjia0203"},"content":"        String[] parts \u003d line.split(\" \");","isFullCredit":false},{"lineNumber":38,"author":{"gitId":"fangxinjia0203"},"content":"        int i\u003dParser.parserToInteger(parts[1].trim());","isFullCredit":false},{"lineNumber":39,"author":{"gitId":"fangxinjia0203"},"content":"        System.out.println(\"Noted. I\u0027ve removed this task: \\n\");","isFullCredit":false},{"lineNumber":40,"author":{"gitId":"fangxinjia0203"},"content":"        System.out.println(Tasks.get(i-1).toString() + \"\\n\");","isFullCredit":false},{"lineNumber":41,"author":{"gitId":"fangxinjia0203"},"content":"        Tasks.remove(i-1);","isFullCredit":false},{"lineNumber":42,"author":{"gitId":"fangxinjia0203"},"content":"        System.out.println(\"Now you have \" + Tasks.size() + \" tasks in the list.\\n\");","isFullCredit":false},{"lineNumber":43,"author":{"gitId":"fangxinjia0203"},"content":"        System.out.println(\"____________________________________________________________\\n\");","isFullCredit":false},{"lineNumber":44,"author":{"gitId":"fangxinjia0203"},"content":"    }","isFullCredit":false},{"lineNumber":45,"author":{"gitId":"fangxinjia0203"},"content":"","isFullCredit":false},{"lineNumber":46,"author":{"gitId":"fangxinjia0203"},"content":"    public static void showList(ArrayList\u003cTask\u003e Tasks){","isFullCredit":false},{"lineNumber":47,"author":{"gitId":"fangxinjia0203"},"content":"        System.out.println(\"____________________________________________________________\\n\");","isFullCredit":false},{"lineNumber":48,"author":{"gitId":"fangxinjia0203"},"content":"        System.out.println(\"Here are the tasks in your list:\\n\");","isFullCredit":false},{"lineNumber":49,"author":{"gitId":"fangxinjia0203"},"content":"        for (int i \u003d 0; i \u003c Tasks.size(); i++){","isFullCredit":false},{"lineNumber":50,"author":{"gitId":"fangxinjia0203"},"content":"            System.out.println(i+1 + \". \" + Tasks.get(i).toString() + \"\\n\");","isFullCredit":false},{"lineNumber":51,"author":{"gitId":"fangxinjia0203"},"content":"        }","isFullCredit":false},{"lineNumber":52,"author":{"gitId":"fangxinjia0203"},"content":"        System.out.println(\"____________________________________________________________\\n\");","isFullCredit":false},{"lineNumber":53,"author":{"gitId":"fangxinjia0203"},"content":"    }","isFullCredit":false},{"lineNumber":54,"author":{"gitId":"fangxinjia0203"},"content":"","isFullCredit":false},{"lineNumber":55,"author":{"gitId":"fangxinjia0203"},"content":"    /***","isFullCredit":false},{"lineNumber":56,"author":{"gitId":"fangxinjia0203"},"content":"     * Lists down all tasks contain a keyword.","isFullCredit":false},{"lineNumber":57,"author":{"gitId":"fangxinjia0203"},"content":"     * @param Tasks Tasks saved in the arraylist.","isFullCredit":false},{"lineNumber":58,"author":{"gitId":"fangxinjia0203"},"content":"     * @param line keywords want to be searched.","isFullCredit":false},{"lineNumber":59,"author":{"gitId":"fangxinjia0203"},"content":"     */","isFullCredit":false},{"lineNumber":60,"author":{"gitId":"fangxinjia0203"},"content":"    public static void findTasks(ArrayList\u003cTask\u003e Tasks, String line){","isFullCredit":false},{"lineNumber":61,"author":{"gitId":"fangxinjia0203"},"content":"        System.out.println(\"____________________________________________________________\\n\");","isFullCredit":false},{"lineNumber":62,"author":{"gitId":"fangxinjia0203"},"content":"        System.out.println(\"Here are the matching tasks in your list:\\n\");","isFullCredit":false},{"lineNumber":63,"author":{"gitId":"fangxinjia0203"},"content":"        for (int i \u003d 0; i \u003c Tasks.size(); i++){","isFullCredit":false},{"lineNumber":64,"author":{"gitId":"fangxinjia0203"},"content":"            if(Tasks.get(i).getDescription().contains(line))","isFullCredit":false},{"lineNumber":65,"author":{"gitId":"fangxinjia0203"},"content":"                System.out.println(i+1 + \". \" + Tasks.get(i).toString() + \"\\n\");","isFullCredit":false},{"lineNumber":66,"author":{"gitId":"fangxinjia0203"},"content":"        }","isFullCredit":false},{"lineNumber":67,"author":{"gitId":"fangxinjia0203"},"content":"        System.out.println(\"____________________________________________________________\\n\");","isFullCredit":false},{"lineNumber":68,"author":{"gitId":"fangxinjia0203"},"content":"    }","isFullCredit":false},{"lineNumber":69,"author":{"gitId":"fangxinjia0203"},"content":"}","isFullCredit":false}],"authorContributionMap":{"fangxinjia0203":69}},{"path":"src/main/java/Ui.java","fileType":"java","lines":[{"lineNumber":1,"author":{"gitId":"fangxinjia0203"},"content":"public class Ui {","isFullCredit":false},{"lineNumber":2,"author":{"gitId":"fangxinjia0203"},"content":"    /***","isFullCredit":false},{"lineNumber":3,"author":{"gitId":"fangxinjia0203"},"content":"     * Shows the welcome message.","isFullCredit":false},{"lineNumber":4,"author":{"gitId":"fangxinjia0203"},"content":"     */","isFullCredit":false},{"lineNumber":5,"author":{"gitId":"fangxinjia0203"},"content":"    public static void welcome(){","isFullCredit":false},{"lineNumber":6,"author":{"gitId":"fangxinjia0203"},"content":"        String logo \u003d \" ____        _        \\n\"","isFullCredit":false},{"lineNumber":7,"author":{"gitId":"fangxinjia0203"},"content":"                + \"|  _ \\\\ _   _| | _____ \\n\"","isFullCredit":false},{"lineNumber":8,"author":{"gitId":"fangxinjia0203"},"content":"                + \"| | | | | | | |/ / _ \\\\\\n\"","isFullCredit":false},{"lineNumber":9,"author":{"gitId":"fangxinjia0203"},"content":"                + \"| |_| | |_| |   \u003c  __/\\n\"","isFullCredit":false},{"lineNumber":10,"author":{"gitId":"fangxinjia0203"},"content":"                + \"|____/ \\\\__,_|_|\\\\_\\\\___|\\n\";","isFullCredit":false},{"lineNumber":11,"author":{"gitId":"fangxinjia0203"},"content":"        System.out.println(\"Hello from\\n\" + logo);","isFullCredit":false},{"lineNumber":12,"author":{"gitId":"fangxinjia0203"},"content":"        System.out.println(\"____________________________________________________________\\n\");","isFullCredit":false},{"lineNumber":13,"author":{"gitId":"fangxinjia0203"},"content":"        System.out.println(\" Hello! I\u0027m Duke\\n\" +","isFullCredit":false},{"lineNumber":14,"author":{"gitId":"fangxinjia0203"},"content":"                \" What can I do for you?\");","isFullCredit":false},{"lineNumber":15,"author":{"gitId":"fangxinjia0203"},"content":"        System.out.println(\"____________________________________________________________\\n\");","isFullCredit":false},{"lineNumber":16,"author":{"gitId":"fangxinjia0203"},"content":"    }","isFullCredit":false},{"lineNumber":17,"author":{"gitId":"fangxinjia0203"},"content":"","isFullCredit":false},{"lineNumber":18,"author":{"gitId":"fangxinjia0203"},"content":"    /***","isFullCredit":false},{"lineNumber":19,"author":{"gitId":"fangxinjia0203"},"content":"     * Shows the termination of the application.","isFullCredit":false},{"lineNumber":20,"author":{"gitId":"fangxinjia0203"},"content":"     */","isFullCredit":false},{"lineNumber":21,"author":{"gitId":"fangxinjia0203"},"content":"    public static void bye() {","isFullCredit":false},{"lineNumber":22,"author":{"gitId":"fangxinjia0203"},"content":"        System.out.println(\"____________________________________________________________\\n\");","isFullCredit":false},{"lineNumber":23,"author":{"gitId":"fangxinjia0203"},"content":"        System.out.println(\" Bye. Hope to see you again soon!\\n\");","isFullCredit":false},{"lineNumber":24,"author":{"gitId":"fangxinjia0203"},"content":"        System.out.println(\"____________________________________________________________\\n\");","isFullCredit":false},{"lineNumber":25,"author":{"gitId":"fangxinjia0203"},"content":"    }","isFullCredit":false},{"lineNumber":26,"author":{"gitId":"fangxinjia0203"},"content":"","isFullCredit":false},{"lineNumber":27,"author":{"gitId":"fangxinjia0203"},"content":"    /***","isFullCredit":false},{"lineNumber":28,"author":{"gitId":"fangxinjia0203"},"content":"     * Shows an error message when the task type is not recognised.","isFullCredit":false},{"lineNumber":29,"author":{"gitId":"fangxinjia0203"},"content":"     */","isFullCredit":false},{"lineNumber":30,"author":{"gitId":"fangxinjia0203"},"content":"    public static void showException() {","isFullCredit":false},{"lineNumber":31,"author":{"gitId":"fangxinjia0203"},"content":"        System.out.println(\"____________________________________________________________\\n\");","isFullCredit":false},{"lineNumber":32,"author":{"gitId":"fangxinjia0203"},"content":"        System.out.println(\"☹ OOPS!!! I\u0027m sorry, but I don\u0027t know what that means :-(\\n\");","isFullCredit":false},{"lineNumber":33,"author":{"gitId":"fangxinjia0203"},"content":"        System.out.println(\"____________________________________________________________\\n\");","isFullCredit":false},{"lineNumber":34,"author":{"gitId":"fangxinjia0203"},"content":"    }","isFullCredit":false},{"lineNumber":35,"author":{"gitId":"fangxinjia0203"},"content":"","isFullCredit":false},{"lineNumber":36,"author":{"gitId":"fangxinjia0203"},"content":"    /***","isFullCredit":false},{"lineNumber":37,"author":{"gitId":"fangxinjia0203"},"content":"     * Shows an error message when the description of the task is empty.","isFullCredit":false},{"lineNumber":38,"author":{"gitId":"fangxinjia0203"},"content":"     * @param line Task type.","isFullCredit":false},{"lineNumber":39,"author":{"gitId":"fangxinjia0203"},"content":"     */","isFullCredit":false},{"lineNumber":40,"author":{"gitId":"fangxinjia0203"},"content":"    public static void showEmptyDescriptionException(String line){","isFullCredit":false},{"lineNumber":41,"author":{"gitId":"fangxinjia0203"},"content":"        System.out.println(\"____________________________________________________________\\n\");","isFullCredit":false},{"lineNumber":42,"author":{"gitId":"fangxinjia0203"},"content":"        System.out.println(\"☹ OOPS!!! The description of a \" + line + \" cannot be empty.\\n\");","isFullCredit":false},{"lineNumber":43,"author":{"gitId":"fangxinjia0203"},"content":"        System.out.println(\"____________________________________________________________\\n\");","isFullCredit":false},{"lineNumber":44,"author":{"gitId":"fangxinjia0203"},"content":"    }","isFullCredit":false},{"lineNumber":45,"author":{"gitId":"fangxinjia0203"},"content":"","isFullCredit":false},{"lineNumber":46,"author":{"gitId":"fangxinjia0203"},"content":"","isFullCredit":false},{"lineNumber":47,"author":{"gitId":"fangxinjia0203"},"content":"}","isFullCredit":false}],"authorContributionMap":{"fangxinjia0203":47}}]
