{"authorDailyContributionsMap":{"hussain1998":[{"date":"2021-01-26","commitResults":[{"hash":"62de15288f54eaf7ae7e302d562338d835668cf8","isMergeCommit":false,"messageTitle":"Level-0","messageBody":"","tags":["Level-0"],"fileTypesAndContributionMap":{"java":{"insertions":8,"deletions":0}}}]},{"date":"2021-01-27","commitResults":[{"hash":"f51cd350fdfb41e93eee2c60a52317b6ae988563","isMergeCommit":false,"messageTitle":"Level-1","messageBody":"","tags":["Level-1"],"fileTypesAndContributionMap":{"java":{"insertions":17,"deletions":0}}},{"hash":"a0b0d8a09cf182824ebec374f741e89e94568460","isMergeCommit":false,"messageTitle":"Level--2","messageBody":"","tags":["Level-2"],"fileTypesAndContributionMap":{"java":{"insertions":18,"deletions":1}}},{"hash":"1ec602b7cf0b34f53c4a63c1a45a485ea2c46c21","isMergeCommit":false,"messageTitle":"Add mark as Done","messageBody":"","tags":["Level-3"],"fileTypesAndContributionMap":{"java":{"insertions":45,"deletions":7}}},{"hash":"33f32a32282428a6f15ab6fb63aeefdc9f590b77","isMergeCommit":false,"messageTitle":"A-CodingStandard","messageBody":"","tags":["A-CodingStandard"],"fileTypesAndContributionMap":{"java":{"insertions":1,"deletions":4}}}]},{"date":"2021-02-03","commitResults":[{"hash":"65cf09852922a6855f38296440a8ba224725e929","isMergeCommit":false,"messageTitle":"A-CodingStandard 1","messageBody":"","tags":["A-CodingStandard1"],"fileTypesAndContributionMap":{"java":{"insertions":121,"deletions":42}}},{"hash":"03c6cc1e584d64a11237f57a698847e2c3cc50b4","isMergeCommit":false,"messageTitle":"Level-4","messageBody":"","tags":["Level-4"],"fileTypesAndContributionMap":{"java":{"insertions":107,"deletions":24}}},{"hash":"73ef10ac4c20ff2d42bc906523871d76de2447cd","isMergeCommit":false,"messageTitle":"A-Inheritance","messageBody":"","tags":["A-Inheritance"],"fileTypesAndContributionMap":{"java":{"insertions":16,"deletions":17}}},{"hash":"762f3d4ceb5bbb0cb0d6ac00acf56c760bf195c5","isMergeCommit":false,"messageTitle":"Remove unnecessary semicolon","messageBody":"","fileTypesAndContributionMap":{"java":{"insertions":1,"deletions":1}}},{"hash":"44fcb506a50e9f9279a3bfac03c7c9b6ab47fef5","isMergeCommit":false,"messageTitle":"Add TextUiTesting and Improve code quality","messageBody":"","tags":["A-TextUiTesting"],"fileTypesAndContributionMap":{"txt":{"insertions":17,"deletions":0},"java":{"insertions":67,"deletions":55}}},{"hash":"beef0e1721bd0e1508b4e42251a7437412ca9c46","isMergeCommit":false,"messageTitle":"Use better name for variables","messageBody":"","tags":["A-CodeQuality"],"fileTypesAndContributionMap":{"java":{"insertions":8,"deletions":8}}}]},{"date":"2021-02-10","commitResults":[{"hash":"485e54601079f72fb7819cb0ebceaf0604173591","isMergeCommit":false,"messageTitle":"A-CodeQuality1","messageBody":"","tags":["A-CodeQuality1"],"fileTypesAndContributionMap":{"java":{"insertions":12,"deletions":18}}},{"hash":"a6975549378978785bee14f1f3aa26c247515029","isMergeCommit":false,"messageTitle":"Add 2 types of exception: Invalid Command and Empty Description","messageBody":"","fileTypesAndContributionMap":{"java":{"insertions":71,"deletions":30}}},{"hash":"4a04f53e9b9e2f34eac7c9a5d0c4096e87f6737f","isMergeCommit":false,"messageTitle":"Modify text-ui-test to test exception handlings","messageBody":"","fileTypesAndContributionMap":{"txt":{"insertions":5,"deletions":0}}},{"hash":"aaa8605901ebf098e90643b61f9995b1d1b0a7bd","isMergeCommit":true,"messageTitle":"Merge branch \u0027branch-Level-5\u0027","messageBody":"","tags":["Level-5","A-Exceptions"],"fileTypesAndContributionMap":{}},{"hash":"082007749caecd4ea22dab5c336c556d3f0f76ce","isMergeCommit":false,"messageTitle":"Organize into packages","messageBody":"","fileTypesAndContributionMap":{"java":{"insertions":27,"deletions":0}}},{"hash":"378b194d124e2f806b7c41fd7542ea059969c284","isMergeCommit":true,"messageTitle":"Merge branch \u0027branch-A-Packages\u0027","messageBody":"","tags":["A-Packages"],"fileTypesAndContributionMap":{}}]},{"date":"2021-02-17","commitResults":[{"hash":"134245e6c9b6790e0afc878e948ec24f8a60ba49","isMergeCommit":false,"messageTitle":"Add Delete functionality.","messageBody":"","tags":["A-Collections"],"fileTypesAndContributionMap":{"java":{"insertions":60,"deletions":19}}},{"hash":"b3aef4f8bd0c9546e9a6ccedecd3571e3ffbb1c9","isMergeCommit":false,"messageTitle":"Implement saving and loading from duke.txt file.","messageBody":"","fileTypesAndContributionMap":{"txt":{"insertions":7,"deletions":0},"java":{"insertions":172,"deletions":23}}},{"hash":"f67cc9f4d15623f90156f6e4e2854146f8f43b1c","isMergeCommit":true,"messageTitle":"Merge branch \u0027branch-Level-6\u0027","messageBody":"","tags":["Level-6"],"fileTypesAndContributionMap":{}},{"hash":"6a88135a1fbed995cdb1e91853a19638daeba13e","isMergeCommit":true,"messageTitle":"Merge branch \u0027branch-Level-7\u0027","messageBody":"# Conflicts:\n#\tsrc/main/java/duke/Duke.java\n#\tsrc/main/java/duke/TaskList.java\n","tags":["Level-7","A-Jar"],"fileTypesAndContributionMap":{}}]},{"date":"2021-02-18","commitResults":[{"hash":"4b895d06c049af83beb72089dee090efc4fac6c5","isMergeCommit":false,"messageTitle":"Bugfix to add 1 line. It went missing when merging 2 branches.","messageBody":"","tags":["A-Jar1"],"fileTypesAndContributionMap":{"txt":{"insertions":0,"deletions":7},"java":{"insertions":2,"deletions":0}}}]},{"date":"2021-03-02","commitResults":[{"hash":"61599a24365ee017ce387b9a45e9e685fee9fb4c","isMergeCommit":false,"messageTitle":"Make the code more OOP","messageBody":"","fileTypesAndContributionMap":{"txt":{"insertions":2,"deletions":0},"java":{"insertions":185,"deletions":160}}},{"hash":"d6112d5d5a7df7bf1e594d6dae8faa6cbbab99e7","isMergeCommit":false,"messageTitle":"Add Find functionality","messageBody":"","fileTypesAndContributionMap":{"txt":{"insertions":3,"deletions":2},"java":{"insertions":65,"deletions":32}}},{"hash":"2dcc6ba1b50bc1e1895b7d4b0216b206dfc9851f","isMergeCommit":true,"messageTitle":"Merge pull request #1 from hussain1998/branch-Level-9","messageBody":"Branch level 9","tags":["Level-9"],"fileTypesAndContributionMap":{}}]},{"date":"2021-03-03","commitResults":[{"hash":"de84f3336f07d1cbb90e8adaaad687024cb42791","isMergeCommit":false,"messageTitle":"Cleanup Code","messageBody":"","fileTypesAndContributionMap":{"java":{"insertions":49,"deletions":43}}},{"hash":"f13f21eb63ad03624e54397259da2c8e5e1ac61c","isMergeCommit":false,"messageTitle":"A-JavaDoc","messageBody":"","fileTypesAndContributionMap":{"java":{"insertions":421,"deletions":140}}},{"hash":"f37cfb31cc4d25a651743e919f196a19459f6a57","isMergeCommit":true,"messageTitle":"Merge pull request #2 from hussain1998/branch-A-JavaDoc","messageBody":"A-JavaDoc","fileTypesAndContributionMap":{}},{"hash":"9598a843e50a8af8b2daed71d2fc95a28181672f","isMergeCommit":false,"messageTitle":"Update A-JavaDoc","messageBody":"","fileTypesAndContributionMap":{"java":{"insertions":3,"deletions":0}}},{"hash":"47363fb6b7d907266b81d8fcae92730aae04d4d7","isMergeCommit":false,"messageTitle":"A-JavaDoc","messageBody":"","fileTypesAndContributionMap":{"java":{"insertions":6,"deletions":0}}},{"hash":"992838fea62ea962a0dd834db712ede236c548a3","isMergeCommit":false,"messageTitle":"Place classes into packages","messageBody":"","tags":["A-Release"],"fileTypesAndContributionMap":{"java":{"insertions":9,"deletions":4}}}]},{"date":"2021-03-04","commitResults":[{"hash":"659616ee5fe524ba022f7c7f403cd562dbcdde30","isMergeCommit":false,"messageTitle":"Update README.md","messageBody":"","tags":["A-UserGuide"],"fileTypesAndContributionMap":{"md":{"insertions":137,"deletions":10}}}]},{"date":"2021-03-05","commitResults":[{"hash":"a1d6e2283caa0bcd6dfdc58c84920a7ca1d72657","isMergeCommit":false,"messageTitle":"Improve format of JavaDoc","messageBody":"","fileTypesAndContributionMap":{"java":{"insertions":67,"deletions":65}}}]}]},"authorFileTypeContributionMap":{"hussain1998":{"java":869,"md":129,"txt":25}},"authorContributionVariance":{"hussain1998":17305.496},"authorDisplayNameMap":{"hussain1998":"Hussain"}}
