[{"path":"README.md","fileType":"md","lines":[{"lineNumber":1,"author":{"gitId":"951553394"},"content":"Duke User Guide","isFullCredit":false},{"lineNumber":2,"author":{"gitId":"-"},"content":"","isFullCredit":false},{"lineNumber":3,"author":{"gitId":"951553394"},"content":"Introduction","isFullCredit":false},{"lineNumber":4,"author":{"gitId":"951553394"},"content":"Duke is a Personal Assistant Chatbot that helps you to keep track of various things.","isFullCredit":false},{"lineNumber":5,"author":{"gitId":"-"},"content":"","isFullCredit":false},{"lineNumber":6,"author":{"gitId":"951553394"},"content":"Setting up Duke","isFullCredit":false},{"lineNumber":7,"author":{"gitId":"951553394"},"content":"Download Duke file.","isFullCredit":false},{"lineNumber":8,"author":{"gitId":"951553394"},"content":"Go to /ip/src/main/java","isFullCredit":false},{"lineNumber":9,"author":{"gitId":"-"},"content":"","isFullCredit":false},{"lineNumber":10,"author":{"gitId":"951553394"},"content":"In command line key in:","isFullCredit":false},{"lineNumber":11,"author":{"gitId":"951553394"},"content":"javac duke/Duke.java","isFullCredit":false},{"lineNumber":12,"author":{"gitId":"951553394"},"content":"java duke.Duke   ","isFullCredit":false},{"lineNumber":13,"author":{"gitId":"-"},"content":"","isFullCredit":false},{"lineNumber":14,"author":{"gitId":"951553394"},"content":"Functions","isFullCredit":false},{"lineNumber":15,"author":{"gitId":"951553394"},"content":"---------------------------------------","isFullCredit":false},{"lineNumber":16,"author":{"gitId":"951553394"},"content":"List","isFullCredit":false},{"lineNumber":17,"author":{"gitId":"951553394"},"content":"Display all tasks in the list","isFullCredit":false},{"lineNumber":18,"author":{"gitId":"951553394"},"content":"Format: list","isFullCredit":false},{"lineNumber":19,"author":{"gitId":"951553394"},"content":"---------------------------------------","isFullCredit":false},{"lineNumber":20,"author":{"gitId":"-"},"content":"","isFullCredit":false},{"lineNumber":21,"author":{"gitId":"951553394"},"content":"Example:","isFullCredit":false},{"lineNumber":22,"author":{"gitId":"951553394"},"content":"list","isFullCredit":false},{"lineNumber":23,"author":{"gitId":"951553394"},"content":"","isFullCredit":false},{"lineNumber":24,"author":{"gitId":"951553394"},"content":"Todo","isFullCredit":false},{"lineNumber":25,"author":{"gitId":"951553394"},"content":"Add a todo task","isFullCredit":false},{"lineNumber":26,"author":{"gitId":"951553394"},"content":"Format: todo [DESCRIPTION]","isFullCredit":false},{"lineNumber":27,"author":{"gitId":"951553394"},"content":"---------------------------------------","isFullCredit":false},{"lineNumber":28,"author":{"gitId":"951553394"},"content":"","isFullCredit":false},{"lineNumber":29,"author":{"gitId":"951553394"},"content":"Example:","isFullCredit":false},{"lineNumber":30,"author":{"gitId":"951553394"},"content":"todo read book","isFullCredit":false},{"lineNumber":31,"author":{"gitId":"951553394"},"content":"","isFullCredit":false},{"lineNumber":32,"author":{"gitId":"951553394"},"content":"","isFullCredit":false},{"lineNumber":33,"author":{"gitId":"951553394"},"content":"Deadline","isFullCredit":false},{"lineNumber":34,"author":{"gitId":"951553394"},"content":"Add a deadline task","isFullCredit":false},{"lineNumber":35,"author":{"gitId":"951553394"},"content":"Format: deadline [DESCRIPTION] /by [yyyy-mm-dd]","isFullCredit":false},{"lineNumber":36,"author":{"gitId":"951553394"},"content":"---------------------------------------","isFullCredit":false},{"lineNumber":37,"author":{"gitId":"951553394"},"content":"","isFullCredit":false},{"lineNumber":38,"author":{"gitId":"951553394"},"content":"Example:","isFullCredit":false},{"lineNumber":39,"author":{"gitId":"951553394"},"content":"deadline return book /by 2020-10-01","isFullCredit":false},{"lineNumber":40,"author":{"gitId":"951553394"},"content":"","isFullCredit":false},{"lineNumber":41,"author":{"gitId":"951553394"},"content":"","isFullCredit":false},{"lineNumber":42,"author":{"gitId":"951553394"},"content":"Event","isFullCredit":false},{"lineNumber":43,"author":{"gitId":"951553394"},"content":"Add an event task","isFullCredit":false},{"lineNumber":44,"author":{"gitId":"951553394"},"content":"Format: event [DESCRIPTION] /at [yyyy-mm-dd]","isFullCredit":false},{"lineNumber":45,"author":{"gitId":"951553394"},"content":"---------------------------------------","isFullCredit":false},{"lineNumber":46,"author":{"gitId":"951553394"},"content":"","isFullCredit":false},{"lineNumber":47,"author":{"gitId":"951553394"},"content":"Example:","isFullCredit":false},{"lineNumber":48,"author":{"gitId":"951553394"},"content":"event school celebration /at 2020-10-01","isFullCredit":false},{"lineNumber":49,"author":{"gitId":"951553394"},"content":"","isFullCredit":false},{"lineNumber":50,"author":{"gitId":"951553394"},"content":"","isFullCredit":false},{"lineNumber":51,"author":{"gitId":"951553394"},"content":"Done","isFullCredit":false},{"lineNumber":52,"author":{"gitId":"951553394"},"content":"Mark a task as done","isFullCredit":false},{"lineNumber":53,"author":{"gitId":"951553394"},"content":"Format: done [index]","isFullCredit":false},{"lineNumber":54,"author":{"gitId":"951553394"},"content":"---------------------------------------","isFullCredit":false},{"lineNumber":55,"author":{"gitId":"951553394"},"content":"","isFullCredit":false},{"lineNumber":56,"author":{"gitId":"951553394"},"content":"Example:","isFullCredit":false},{"lineNumber":57,"author":{"gitId":"951553394"},"content":"done 2","isFullCredit":false},{"lineNumber":58,"author":{"gitId":"951553394"},"content":"","isFullCredit":false},{"lineNumber":59,"author":{"gitId":"951553394"},"content":"","isFullCredit":false},{"lineNumber":60,"author":{"gitId":"951553394"},"content":"Delete","isFullCredit":false},{"lineNumber":61,"author":{"gitId":"951553394"},"content":"Delete a task from duke","isFullCredit":false},{"lineNumber":62,"author":{"gitId":"951553394"},"content":"Format: delete [index]","isFullCredit":false},{"lineNumber":63,"author":{"gitId":"951553394"},"content":"---------------------------------------","isFullCredit":false},{"lineNumber":64,"author":{"gitId":"951553394"},"content":"","isFullCredit":false},{"lineNumber":65,"author":{"gitId":"951553394"},"content":"Example:","isFullCredit":false},{"lineNumber":66,"author":{"gitId":"951553394"},"content":"delete 2","isFullCredit":false},{"lineNumber":67,"author":{"gitId":"951553394"},"content":"","isFullCredit":false},{"lineNumber":68,"author":{"gitId":"951553394"},"content":"","isFullCredit":false},{"lineNumber":69,"author":{"gitId":"951553394"},"content":"Find","isFullCredit":false},{"lineNumber":70,"author":{"gitId":"951553394"},"content":"Find tasks that contains a certain keyword","isFullCredit":false},{"lineNumber":71,"author":{"gitId":"951553394"},"content":"Format: find [keyword]","isFullCredit":false},{"lineNumber":72,"author":{"gitId":"951553394"},"content":"---------------------------------------","isFullCredit":false},{"lineNumber":73,"author":{"gitId":"951553394"},"content":"","isFullCredit":false},{"lineNumber":74,"author":{"gitId":"951553394"},"content":"Example:","isFullCredit":false},{"lineNumber":75,"author":{"gitId":"951553394"},"content":"find book","isFullCredit":false},{"lineNumber":76,"author":{"gitId":"951553394"},"content":"","isFullCredit":false},{"lineNumber":77,"author":{"gitId":"951553394"},"content":"","isFullCredit":false},{"lineNumber":78,"author":{"gitId":"951553394"},"content":"Bye","isFullCredit":false},{"lineNumber":79,"author":{"gitId":"951553394"},"content":"Exits Duke Format: bye","isFullCredit":false},{"lineNumber":80,"author":{"gitId":"951553394"},"content":"---------------------------------------","isFullCredit":false},{"lineNumber":81,"author":{"gitId":"951553394"},"content":"","isFullCredit":false},{"lineNumber":82,"author":{"gitId":"951553394"},"content":"Example:","isFullCredit":false},{"lineNumber":83,"author":{"gitId":"951553394"},"content":"bye","isFullCredit":false}],"authorContributionMap":{"951553394":78,"-":5}},{"path":"src/main/java/AddCommand.java","fileType":"java","lines":[{"lineNumber":1,"author":{"gitId":"-"},"content":"/**","isFullCredit":false},{"lineNumber":2,"author":{"gitId":"-"},"content":" * adds task following user command","isFullCredit":false},{"lineNumber":3,"author":{"gitId":"-"},"content":" */","isFullCredit":false},{"lineNumber":4,"author":{"gitId":"951553394"},"content":"public class AddCommand extends Command {","isFullCredit":false},{"lineNumber":5,"author":{"gitId":"951553394"},"content":"    Task task;","isFullCredit":false},{"lineNumber":6,"author":{"gitId":"951553394"},"content":"","isFullCredit":false},{"lineNumber":7,"author":{"gitId":"-"},"content":"    /**","isFullCredit":false},{"lineNumber":8,"author":{"gitId":"-"},"content":"     * AddCommand Constructor","isFullCredit":false},{"lineNumber":9,"author":{"gitId":"-"},"content":"     * @param task task to be added","isFullCredit":false},{"lineNumber":10,"author":{"gitId":"-"},"content":"     */","isFullCredit":false},{"lineNumber":11,"author":{"gitId":"951553394"},"content":"    public AddCommand(Task task) {","isFullCredit":false},{"lineNumber":12,"author":{"gitId":"951553394"},"content":"        super();","isFullCredit":false},{"lineNumber":13,"author":{"gitId":"951553394"},"content":"        this.task \u003d task;","isFullCredit":false},{"lineNumber":14,"author":{"gitId":"951553394"},"content":"    }","isFullCredit":false},{"lineNumber":15,"author":{"gitId":"951553394"},"content":"","isFullCredit":false},{"lineNumber":16,"author":{"gitId":"-"},"content":"    /**","isFullCredit":false},{"lineNumber":17,"author":{"gitId":"-"},"content":"     * execute of command","isFullCredit":false},{"lineNumber":18,"author":{"gitId":"-"},"content":"     * @param inputTasks list of tasks","isFullCredit":false},{"lineNumber":19,"author":{"gitId":"-"},"content":"     * @param storage storage used","isFullCredit":false},{"lineNumber":20,"author":{"gitId":"-"},"content":"     * @param ui ui used","isFullCredit":false},{"lineNumber":21,"author":{"gitId":"-"},"content":"     */","isFullCredit":false},{"lineNumber":22,"author":{"gitId":"951553394"},"content":"    public void execute(TaskList inputTasks, Storage storage, Ui ui) {","isFullCredit":false},{"lineNumber":23,"author":{"gitId":"951553394"},"content":"        assert task !\u003d null;","isFullCredit":false},{"lineNumber":24,"author":{"gitId":"951553394"},"content":"        inputTasks.addTask(this.task, ui);","isFullCredit":false},{"lineNumber":25,"author":{"gitId":"951553394"},"content":"        storage.writeToFile(inputTasks);","isFullCredit":false},{"lineNumber":26,"author":{"gitId":"951553394"},"content":"    }","isFullCredit":false},{"lineNumber":27,"author":{"gitId":"951553394"},"content":"}","isFullCredit":false}],"authorContributionMap":{"951553394":14,"-":13}},{"path":"src/main/java/Command.java","fileType":"java","lines":[{"lineNumber":1,"author":{"gitId":"-"},"content":"/**","isFullCredit":false},{"lineNumber":2,"author":{"gitId":"-"},"content":" * abstract command class","isFullCredit":false},{"lineNumber":3,"author":{"gitId":"-"},"content":" */","isFullCredit":false},{"lineNumber":4,"author":{"gitId":"951553394"},"content":"public abstract class Command {","isFullCredit":false},{"lineNumber":5,"author":{"gitId":"-"},"content":"    /**","isFullCredit":false},{"lineNumber":6,"author":{"gitId":"-"},"content":"     * execute of command class","isFullCredit":false},{"lineNumber":7,"author":{"gitId":"-"},"content":"     * @param inputTasks list of tasks","isFullCredit":false},{"lineNumber":8,"author":{"gitId":"-"},"content":"     * @param storage storage used","isFullCredit":false},{"lineNumber":9,"author":{"gitId":"-"},"content":"     * @param ui ui used","isFullCredit":false},{"lineNumber":10,"author":{"gitId":"-"},"content":"     * @throws DukeException exceptions used","isFullCredit":false},{"lineNumber":11,"author":{"gitId":"-"},"content":"     */","isFullCredit":false},{"lineNumber":12,"author":{"gitId":"951553394"},"content":"    public abstract void execute(TaskList inputTasks, Storage storage, Ui ui) throws DukeException;","isFullCredit":false},{"lineNumber":13,"author":{"gitId":"951553394"},"content":"}","isFullCredit":false}],"authorContributionMap":{"951553394":3,"-":10}},{"path":"src/main/java/Deadline.java","fileType":"java","lines":[{"lineNumber":1,"author":{"gitId":"951553394"},"content":"import java.time.LocalDate;","isFullCredit":false},{"lineNumber":2,"author":{"gitId":"951553394"},"content":"import java.time.format.DateTimeFormatter;","isFullCredit":false},{"lineNumber":3,"author":{"gitId":"-"},"content":"","isFullCredit":false},{"lineNumber":4,"author":{"gitId":"-"},"content":"/**","isFullCredit":false},{"lineNumber":5,"author":{"gitId":"-"},"content":" * setting a task as deadline","isFullCredit":false},{"lineNumber":6,"author":{"gitId":"-"},"content":" */","isFullCredit":false},{"lineNumber":7,"author":{"gitId":"-"},"content":"public class Deadline extends Task{","isFullCredit":false},{"lineNumber":8,"author":{"gitId":"-"},"content":"","isFullCredit":false},{"lineNumber":9,"author":{"gitId":"951553394"},"content":"    public LocalDate by;","isFullCredit":false},{"lineNumber":10,"author":{"gitId":"-"},"content":"","isFullCredit":false},{"lineNumber":11,"author":{"gitId":"-"},"content":"    /**","isFullCredit":false},{"lineNumber":12,"author":{"gitId":"-"},"content":"     * Deadline Constructor","isFullCredit":false},{"lineNumber":13,"author":{"gitId":"-"},"content":"     * @param description task name","isFullCredit":false},{"lineNumber":14,"author":{"gitId":"-"},"content":"     * @param by date of deadline","isFullCredit":false},{"lineNumber":15,"author":{"gitId":"-"},"content":"     */","isFullCredit":false},{"lineNumber":16,"author":{"gitId":"951553394"},"content":"    public Deadline(String description , LocalDate by){","isFullCredit":false},{"lineNumber":17,"author":{"gitId":"-"},"content":"        super(description);","isFullCredit":false},{"lineNumber":18,"author":{"gitId":"-"},"content":"        this.by \u003d by;","isFullCredit":false},{"lineNumber":19,"author":{"gitId":"-"},"content":"    }","isFullCredit":false},{"lineNumber":20,"author":{"gitId":"-"},"content":"","isFullCredit":false},{"lineNumber":21,"author":{"gitId":"-"},"content":"    /**","isFullCredit":false},{"lineNumber":22,"author":{"gitId":"-"},"content":"     * format of date","isFullCredit":false},{"lineNumber":23,"author":{"gitId":"-"},"content":"     * @return output date in format of MMM dd yyy","isFullCredit":false},{"lineNumber":24,"author":{"gitId":"-"},"content":"     */","isFullCredit":false},{"lineNumber":25,"author":{"gitId":"951553394"},"content":"    public String dateTimeFormat(){","isFullCredit":false},{"lineNumber":26,"author":{"gitId":"951553394"},"content":"        return this.by.format(DateTimeFormatter.ofPattern(\"MMM dd yyyy\"));","isFullCredit":false},{"lineNumber":27,"author":{"gitId":"951553394"},"content":"    }","isFullCredit":false},{"lineNumber":28,"author":{"gitId":"951553394"},"content":"","isFullCredit":false},{"lineNumber":29,"author":{"gitId":"951553394"},"content":"","isFullCredit":false},{"lineNumber":30,"author":{"gitId":"-"},"content":"    @Override","isFullCredit":false},{"lineNumber":31,"author":{"gitId":"-"},"content":"    public String toString(){","isFullCredit":false},{"lineNumber":32,"author":{"gitId":"951553394"},"content":"        return \"[D]\" + super.toString() + \" (by: \" + this.dateTimeFormat() + \")\";","isFullCredit":false},{"lineNumber":33,"author":{"gitId":"951553394"},"content":"    }","isFullCredit":false},{"lineNumber":34,"author":{"gitId":"951553394"},"content":"","isFullCredit":false},{"lineNumber":35,"author":{"gitId":"951553394"},"content":"    @Override","isFullCredit":false},{"lineNumber":36,"author":{"gitId":"951553394"},"content":"    public String write(){","isFullCredit":false},{"lineNumber":37,"author":{"gitId":"951553394"},"content":"        return \"D|\" + this.getStatusIcon() + \"|\" + this.description + \"|\" + this.by;","isFullCredit":false},{"lineNumber":38,"author":{"gitId":"-"},"content":"    }","isFullCredit":false},{"lineNumber":39,"author":{"gitId":"-"},"content":"}","isFullCredit":false}],"authorContributionMap":{"951553394":15,"-":24}},{"path":"src/main/java/DeleteCommand.java","fileType":"java","lines":[{"lineNumber":1,"author":{"gitId":"-"},"content":"/**","isFullCredit":false},{"lineNumber":2,"author":{"gitId":"-"},"content":" * deletes a task from task list","isFullCredit":false},{"lineNumber":3,"author":{"gitId":"-"},"content":" */","isFullCredit":false},{"lineNumber":4,"author":{"gitId":"951553394"},"content":"public class DeleteCommand extends Command{","isFullCredit":false},{"lineNumber":5,"author":{"gitId":"951553394"},"content":"    int taskIndex;","isFullCredit":false},{"lineNumber":6,"author":{"gitId":"951553394"},"content":"","isFullCredit":false},{"lineNumber":7,"author":{"gitId":"-"},"content":"    /**","isFullCredit":false},{"lineNumber":8,"author":{"gitId":"-"},"content":"     * DeleteCommand Constructor","isFullCredit":false},{"lineNumber":9,"author":{"gitId":"-"},"content":"     * @param taskIndex index of task to be deleted","isFullCredit":false},{"lineNumber":10,"author":{"gitId":"-"},"content":"     */","isFullCredit":false},{"lineNumber":11,"author":{"gitId":"951553394"},"content":"    public DeleteCommand(int taskIndex){","isFullCredit":false},{"lineNumber":12,"author":{"gitId":"951553394"},"content":"        super();","isFullCredit":false},{"lineNumber":13,"author":{"gitId":"951553394"},"content":"        this.taskIndex \u003d taskIndex;","isFullCredit":false},{"lineNumber":14,"author":{"gitId":"951553394"},"content":"    }","isFullCredit":false},{"lineNumber":15,"author":{"gitId":"951553394"},"content":"","isFullCredit":false},{"lineNumber":16,"author":{"gitId":"-"},"content":"    /**","isFullCredit":false},{"lineNumber":17,"author":{"gitId":"-"},"content":"     * execute of DeleteCommand","isFullCredit":false},{"lineNumber":18,"author":{"gitId":"-"},"content":"     * @param inputTasks list of tasks","isFullCredit":false},{"lineNumber":19,"author":{"gitId":"-"},"content":"     * @param storage storage used","isFullCredit":false},{"lineNumber":20,"author":{"gitId":"-"},"content":"     * @param ui ui used","isFullCredit":false},{"lineNumber":21,"author":{"gitId":"-"},"content":"     */","isFullCredit":false},{"lineNumber":22,"author":{"gitId":"951553394"},"content":"    public void execute(TaskList inputTasks, Storage storage, Ui ui){","isFullCredit":false},{"lineNumber":23,"author":{"gitId":"951553394"},"content":"        assert taskIndex \u003e 0;","isFullCredit":false},{"lineNumber":24,"author":{"gitId":"951553394"},"content":"        inputTasks.deleteTask(taskIndex, ui);","isFullCredit":false},{"lineNumber":25,"author":{"gitId":"951553394"},"content":"        storage.writeToFile(inputTasks);","isFullCredit":false},{"lineNumber":26,"author":{"gitId":"951553394"},"content":"    }","isFullCredit":false},{"lineNumber":27,"author":{"gitId":"951553394"},"content":"","isFullCredit":false},{"lineNumber":28,"author":{"gitId":"951553394"},"content":"}","isFullCredit":false}],"authorContributionMap":{"951553394":15,"-":13}},{"path":"src/main/java/DoneCommand.java","fileType":"java","lines":[{"lineNumber":1,"author":{"gitId":"-"},"content":"/**","isFullCredit":false},{"lineNumber":2,"author":{"gitId":"-"},"content":" * mark a task as done","isFullCredit":false},{"lineNumber":3,"author":{"gitId":"-"},"content":" */","isFullCredit":false},{"lineNumber":4,"author":{"gitId":"951553394"},"content":"public class DoneCommand extends Command{","isFullCredit":false},{"lineNumber":5,"author":{"gitId":"951553394"},"content":"    int taskIndex;","isFullCredit":false},{"lineNumber":6,"author":{"gitId":"951553394"},"content":"","isFullCredit":false},{"lineNumber":7,"author":{"gitId":"-"},"content":"    /**","isFullCredit":false},{"lineNumber":8,"author":{"gitId":"-"},"content":"     * DoneCommand Constructor","isFullCredit":false},{"lineNumber":9,"author":{"gitId":"-"},"content":"     * @param taskIndex the index of task which is done","isFullCredit":false},{"lineNumber":10,"author":{"gitId":"-"},"content":"     */","isFullCredit":false},{"lineNumber":11,"author":{"gitId":"951553394"},"content":"    public DoneCommand(int taskIndex){","isFullCredit":false},{"lineNumber":12,"author":{"gitId":"951553394"},"content":"        super();","isFullCredit":false},{"lineNumber":13,"author":{"gitId":"951553394"},"content":"        this.taskIndex \u003d taskIndex;","isFullCredit":false},{"lineNumber":14,"author":{"gitId":"951553394"},"content":"    }","isFullCredit":false},{"lineNumber":15,"author":{"gitId":"951553394"},"content":"","isFullCredit":false},{"lineNumber":16,"author":{"gitId":"-"},"content":"    /**","isFullCredit":false},{"lineNumber":17,"author":{"gitId":"-"},"content":"     * execute of DoneCommand","isFullCredit":false},{"lineNumber":18,"author":{"gitId":"-"},"content":"     * @param inputTasks list of tasks","isFullCredit":false},{"lineNumber":19,"author":{"gitId":"-"},"content":"     * @param storage storage used","isFullCredit":false},{"lineNumber":20,"author":{"gitId":"-"},"content":"     * @param ui ui used","isFullCredit":false},{"lineNumber":21,"author":{"gitId":"-"},"content":"     */","isFullCredit":false},{"lineNumber":22,"author":{"gitId":"951553394"},"content":"    public void execute(TaskList inputTasks, Storage storage, Ui ui){","isFullCredit":false},{"lineNumber":23,"author":{"gitId":"951553394"},"content":"        assert taskIndex \u003e 0;","isFullCredit":false},{"lineNumber":24,"author":{"gitId":"951553394"},"content":"        inputTasks.doneTask(taskIndex, ui);","isFullCredit":false},{"lineNumber":25,"author":{"gitId":"951553394"},"content":"        storage.writeToFile(inputTasks);","isFullCredit":false},{"lineNumber":26,"author":{"gitId":"951553394"},"content":"    }","isFullCredit":false},{"lineNumber":27,"author":{"gitId":"951553394"},"content":"}","isFullCredit":false}],"authorContributionMap":{"951553394":14,"-":13}},{"path":"src/main/java/Duke.java","fileType":"java","lines":[{"lineNumber":1,"author":{"gitId":"951553394"},"content":"import java.util.Scanner;","isFullCredit":false},{"lineNumber":2,"author":{"gitId":"951553394"},"content":"","isFullCredit":false},{"lineNumber":3,"author":{"gitId":"-"},"content":"public class Duke {","isFullCredit":false},{"lineNumber":4,"author":{"gitId":"951553394"},"content":"","isFullCredit":false},{"lineNumber":5,"author":{"gitId":"951553394"},"content":"    private final Ui ui;","isFullCredit":false},{"lineNumber":6,"author":{"gitId":"951553394"},"content":"    private final Storage storage;","isFullCredit":false},{"lineNumber":7,"author":{"gitId":"951553394"},"content":"    private final TaskList inputTasks;","isFullCredit":false},{"lineNumber":8,"author":{"gitId":"951553394"},"content":"","isFullCredit":false},{"lineNumber":9,"author":{"gitId":"-"},"content":"    /**","isFullCredit":false},{"lineNumber":10,"author":{"gitId":"-"},"content":"     * Duke Constructor","isFullCredit":false},{"lineNumber":11,"author":{"gitId":"-"},"content":"     */","isFullCredit":false},{"lineNumber":12,"author":{"gitId":"951553394"},"content":"    public Duke() {","isFullCredit":false},{"lineNumber":13,"author":{"gitId":"951553394"},"content":"        ui \u003d new Ui();","isFullCredit":false},{"lineNumber":14,"author":{"gitId":"951553394"},"content":"        storage \u003d new Storage(\"./duke.txt\");","isFullCredit":false},{"lineNumber":15,"author":{"gitId":"951553394"},"content":"        inputTasks \u003d new TaskList(storage.readFile(\"./duke.txt\"));","isFullCredit":false},{"lineNumber":16,"author":{"gitId":"951553394"},"content":"    }","isFullCredit":false},{"lineNumber":17,"author":{"gitId":"951553394"},"content":"","isFullCredit":false},{"lineNumber":18,"author":{"gitId":"-"},"content":"    /**","isFullCredit":false},{"lineNumber":19,"author":{"gitId":"-"},"content":"     * getting input from user","isFullCredit":false},{"lineNumber":20,"author":{"gitId":"-"},"content":"     * @param input the input string from user","isFullCredit":false},{"lineNumber":21,"author":{"gitId":"-"},"content":"     * @return ui from different commands","isFullCredit":false},{"lineNumber":22,"author":{"gitId":"-"},"content":"     */","isFullCredit":false},{"lineNumber":23,"author":{"gitId":"951553394"},"content":"    public String getInput(String input) {","isFullCredit":false},{"lineNumber":24,"author":{"gitId":"951553394"},"content":"        try {","isFullCredit":false},{"lineNumber":25,"author":{"gitId":"951553394"},"content":"            Command c \u003d Parser.parse(input);","isFullCredit":false},{"lineNumber":26,"author":{"gitId":"951553394"},"content":"            c.execute(this.inputTasks, this.storage, this.ui);","isFullCredit":false},{"lineNumber":27,"author":{"gitId":"951553394"},"content":"        } catch (DukeException e) {","isFullCredit":false},{"lineNumber":28,"author":{"gitId":"951553394"},"content":"            ui.clearReply();","isFullCredit":false},{"lineNumber":29,"author":{"gitId":"951553394"},"content":"            ui.addResponse(e.getMessage());","isFullCredit":false},{"lineNumber":30,"author":{"gitId":"951553394"},"content":"        }","isFullCredit":false},{"lineNumber":31,"author":{"gitId":"951553394"},"content":"        return ui.getReply();","isFullCredit":false},{"lineNumber":32,"author":{"gitId":"951553394"},"content":"    }","isFullCredit":false},{"lineNumber":33,"author":{"gitId":"951553394"},"content":"","isFullCredit":false},{"lineNumber":34,"author":{"gitId":"-"},"content":"    public static void main(String[] args) {","isFullCredit":false},{"lineNumber":35,"author":{"gitId":"951553394"},"content":"        Duke duke \u003d new Duke();","isFullCredit":false},{"lineNumber":36,"author":{"gitId":"951553394"},"content":"        System.out.println(Ui.showWelcome());","isFullCredit":false},{"lineNumber":37,"author":{"gitId":"951553394"},"content":"        while (true) {","isFullCredit":false},{"lineNumber":38,"author":{"gitId":"951553394"},"content":"            Scanner in \u003d new Scanner(System.in);","isFullCredit":false},{"lineNumber":39,"author":{"gitId":"951553394"},"content":"            String line \u003d in.nextLine();","isFullCredit":false},{"lineNumber":40,"author":{"gitId":"951553394"},"content":"            System.out.println(duke.getInput(line));","isFullCredit":false},{"lineNumber":41,"author":{"gitId":"951553394"},"content":"        }","isFullCredit":false},{"lineNumber":42,"author":{"gitId":"-"},"content":"    }","isFullCredit":false},{"lineNumber":43,"author":{"gitId":"-"},"content":"}","isFullCredit":false}],"authorContributionMap":{"951553394":31,"-":12}},{"path":"src/main/java/DukeException.java","fileType":"java","lines":[{"lineNumber":1,"author":{"gitId":"-"},"content":"/**","isFullCredit":false},{"lineNumber":2,"author":{"gitId":"-"},"content":" * exceptions used in Duke","isFullCredit":false},{"lineNumber":3,"author":{"gitId":"-"},"content":" */","isFullCredit":false},{"lineNumber":4,"author":{"gitId":"-"},"content":"public class DukeException extends Exception {","isFullCredit":false},{"lineNumber":5,"author":{"gitId":"951553394"},"content":"","isFullCredit":false},{"lineNumber":6,"author":{"gitId":"951553394"},"content":"    public DukeException(String message) {","isFullCredit":false},{"lineNumber":7,"author":{"gitId":"951553394"},"content":"        super(message);","isFullCredit":false},{"lineNumber":8,"author":{"gitId":"-"},"content":"    }","isFullCredit":false},{"lineNumber":9,"author":{"gitId":"951553394"},"content":"}","isFullCredit":false},{"lineNumber":10,"author":{"gitId":"951553394"},"content":"","isFullCredit":false}],"authorContributionMap":{"951553394":5,"-":5}},{"path":"src/main/java/Event.java","fileType":"java","lines":[{"lineNumber":1,"author":{"gitId":"951553394"},"content":"import java.time.LocalDate;","isFullCredit":false},{"lineNumber":2,"author":{"gitId":"951553394"},"content":"import java.time.format.DateTimeFormatter;","isFullCredit":false},{"lineNumber":3,"author":{"gitId":"-"},"content":"","isFullCredit":false},{"lineNumber":4,"author":{"gitId":"-"},"content":"/**","isFullCredit":false},{"lineNumber":5,"author":{"gitId":"-"},"content":" * setting a task as event","isFullCredit":false},{"lineNumber":6,"author":{"gitId":"-"},"content":" */","isFullCredit":false},{"lineNumber":7,"author":{"gitId":"951553394"},"content":"public class Event extends Task{","isFullCredit":false},{"lineNumber":8,"author":{"gitId":"951553394"},"content":"","isFullCredit":false},{"lineNumber":9,"author":{"gitId":"951553394"},"content":"    protected LocalDate at;","isFullCredit":false},{"lineNumber":10,"author":{"gitId":"951553394"},"content":"","isFullCredit":false},{"lineNumber":11,"author":{"gitId":"-"},"content":"    /**","isFullCredit":false},{"lineNumber":12,"author":{"gitId":"-"},"content":"     * Event Constructor","isFullCredit":false},{"lineNumber":13,"author":{"gitId":"-"},"content":"     * @param description name of event","isFullCredit":false},{"lineNumber":14,"author":{"gitId":"-"},"content":"     * @param at date of even held","isFullCredit":false},{"lineNumber":15,"author":{"gitId":"-"},"content":"     */","isFullCredit":false},{"lineNumber":16,"author":{"gitId":"951553394"},"content":"    public Event(String description, LocalDate at) {","isFullCredit":false},{"lineNumber":17,"author":{"gitId":"951553394"},"content":"        super(description);","isFullCredit":false},{"lineNumber":18,"author":{"gitId":"951553394"},"content":"        this.at \u003d at;","isFullCredit":false},{"lineNumber":19,"author":{"gitId":"951553394"},"content":"    }","isFullCredit":false},{"lineNumber":20,"author":{"gitId":"951553394"},"content":"","isFullCredit":false},{"lineNumber":21,"author":{"gitId":"-"},"content":"    /**","isFullCredit":false},{"lineNumber":22,"author":{"gitId":"-"},"content":"     * format of date","isFullCredit":false},{"lineNumber":23,"author":{"gitId":"-"},"content":"     * @return output date in format of MMM dd yyy","isFullCredit":false},{"lineNumber":24,"author":{"gitId":"-"},"content":"     */","isFullCredit":false},{"lineNumber":25,"author":{"gitId":"951553394"},"content":"    public String dateTimeFormat(){","isFullCredit":false},{"lineNumber":26,"author":{"gitId":"951553394"},"content":"        return this.at.format(DateTimeFormatter.ofPattern(\"MMM dd yyyy\"));","isFullCredit":false},{"lineNumber":27,"author":{"gitId":"951553394"},"content":"    }","isFullCredit":false},{"lineNumber":28,"author":{"gitId":"951553394"},"content":"","isFullCredit":false},{"lineNumber":29,"author":{"gitId":"951553394"},"content":"    @Override","isFullCredit":false},{"lineNumber":30,"author":{"gitId":"951553394"},"content":"    public String toString(){","isFullCredit":false},{"lineNumber":31,"author":{"gitId":"951553394"},"content":"        return \"[E]\" + super.toString() + \" (at: \" + this.dateTimeFormat() + \")\";","isFullCredit":false},{"lineNumber":32,"author":{"gitId":"951553394"},"content":"    }","isFullCredit":false},{"lineNumber":33,"author":{"gitId":"951553394"},"content":"","isFullCredit":false},{"lineNumber":34,"author":{"gitId":"951553394"},"content":"    @Override","isFullCredit":false},{"lineNumber":35,"author":{"gitId":"951553394"},"content":"    public String write(){","isFullCredit":false},{"lineNumber":36,"author":{"gitId":"951553394"},"content":"        return \"E|\" + this.getStatusIcon() + \"|\" + this.description + \"|\" + this.at;","isFullCredit":false},{"lineNumber":37,"author":{"gitId":"951553394"},"content":"    }","isFullCredit":false},{"lineNumber":38,"author":{"gitId":"951553394"},"content":"}","isFullCredit":false}],"authorContributionMap":{"951553394":25,"-":13}},{"path":"src/main/java/ExitCommand.java","fileType":"java","lines":[{"lineNumber":1,"author":{"gitId":"-"},"content":"/**","isFullCredit":false},{"lineNumber":2,"author":{"gitId":"-"},"content":" * Exit the program","isFullCredit":false},{"lineNumber":3,"author":{"gitId":"-"},"content":" */","isFullCredit":false},{"lineNumber":4,"author":{"gitId":"951553394"},"content":"public class ExitCommand extends Command {","isFullCredit":false},{"lineNumber":5,"author":{"gitId":"951553394"},"content":"","isFullCredit":false},{"lineNumber":6,"author":{"gitId":"-"},"content":"    /**","isFullCredit":false},{"lineNumber":7,"author":{"gitId":"-"},"content":"     * ExitCommand Constructor","isFullCredit":false},{"lineNumber":8,"author":{"gitId":"-"},"content":"     */","isFullCredit":false},{"lineNumber":9,"author":{"gitId":"951553394"},"content":"    public ExitCommand() {","isFullCredit":false},{"lineNumber":10,"author":{"gitId":"951553394"},"content":"        super();","isFullCredit":false},{"lineNumber":11,"author":{"gitId":"951553394"},"content":"    }","isFullCredit":false},{"lineNumber":12,"author":{"gitId":"951553394"},"content":"","isFullCredit":false},{"lineNumber":13,"author":{"gitId":"-"},"content":"    /**","isFullCredit":false},{"lineNumber":14,"author":{"gitId":"-"},"content":"     * execute of ExitCommand","isFullCredit":false},{"lineNumber":15,"author":{"gitId":"-"},"content":"     * @param inputTasks list of tasks","isFullCredit":false},{"lineNumber":16,"author":{"gitId":"-"},"content":"     * @param storage storage used","isFullCredit":false},{"lineNumber":17,"author":{"gitId":"-"},"content":"     * @param ui ui used","isFullCredit":false},{"lineNumber":18,"author":{"gitId":"-"},"content":"     */","isFullCredit":false},{"lineNumber":19,"author":{"gitId":"951553394"},"content":"    public void execute(TaskList inputTasks, Storage storage, Ui ui) {","isFullCredit":false},{"lineNumber":20,"author":{"gitId":"951553394"},"content":"        System.out.println(ui.showGoodbye());","isFullCredit":false},{"lineNumber":21,"author":{"gitId":"951553394"},"content":"        System.exit(0);","isFullCredit":false},{"lineNumber":22,"author":{"gitId":"951553394"},"content":"    }","isFullCredit":false},{"lineNumber":23,"author":{"gitId":"951553394"},"content":"}","isFullCredit":false}],"authorContributionMap":{"951553394":11,"-":12}},{"path":"src/main/java/FindCommand.java","fileType":"java","lines":[{"lineNumber":1,"author":{"gitId":"-"},"content":"/**","isFullCredit":false},{"lineNumber":2,"author":{"gitId":"-"},"content":" * find a task by keyword","isFullCredit":false},{"lineNumber":3,"author":{"gitId":"-"},"content":" */","isFullCredit":false},{"lineNumber":4,"author":{"gitId":"951553394"},"content":"public class FindCommand extends Command{","isFullCredit":false},{"lineNumber":5,"author":{"gitId":"951553394"},"content":"    public String keyword;","isFullCredit":false},{"lineNumber":6,"author":{"gitId":"951553394"},"content":"","isFullCredit":false},{"lineNumber":7,"author":{"gitId":"-"},"content":"    /**","isFullCredit":false},{"lineNumber":8,"author":{"gitId":"-"},"content":"     * FindCommand Constructor","isFullCredit":false},{"lineNumber":9,"author":{"gitId":"-"},"content":"     * @param keyword the keyword to be searched","isFullCredit":false},{"lineNumber":10,"author":{"gitId":"-"},"content":"     */","isFullCredit":false},{"lineNumber":11,"author":{"gitId":"951553394"},"content":"    public FindCommand(String keyword){","isFullCredit":false},{"lineNumber":12,"author":{"gitId":"951553394"},"content":"        this.keyword \u003d keyword;","isFullCredit":false},{"lineNumber":13,"author":{"gitId":"951553394"},"content":"    }","isFullCredit":false},{"lineNumber":14,"author":{"gitId":"951553394"},"content":"","isFullCredit":false},{"lineNumber":15,"author":{"gitId":"-"},"content":"    /**","isFullCredit":false},{"lineNumber":16,"author":{"gitId":"-"},"content":"     * execute of FindCommand","isFullCredit":false},{"lineNumber":17,"author":{"gitId":"-"},"content":"     * @param inputTasks list of tasks","isFullCredit":false},{"lineNumber":18,"author":{"gitId":"-"},"content":"     * @param storage storage used","isFullCredit":false},{"lineNumber":19,"author":{"gitId":"-"},"content":"     * @param ui ui used","isFullCredit":false},{"lineNumber":20,"author":{"gitId":"-"},"content":"     */","isFullCredit":false},{"lineNumber":21,"author":{"gitId":"951553394"},"content":"    public void execute(TaskList inputTasks, Storage storage, Ui ui){","isFullCredit":false},{"lineNumber":22,"author":{"gitId":"951553394"},"content":"        assert keyword !\u003d null;","isFullCredit":false},{"lineNumber":23,"author":{"gitId":"951553394"},"content":"        inputTasks.findKeyword(keyword, ui);","isFullCredit":false},{"lineNumber":24,"author":{"gitId":"951553394"},"content":"    }","isFullCredit":false},{"lineNumber":25,"author":{"gitId":"951553394"},"content":"}","isFullCredit":false}],"authorContributionMap":{"951553394":12,"-":13}},{"path":"src/main/java/ListCommand.java","fileType":"java","lines":[{"lineNumber":1,"author":{"gitId":"-"},"content":"/**","isFullCredit":false},{"lineNumber":2,"author":{"gitId":"-"},"content":" * shows the existing list of tasks recorded","isFullCredit":false},{"lineNumber":3,"author":{"gitId":"-"},"content":" */","isFullCredit":false},{"lineNumber":4,"author":{"gitId":"951553394"},"content":"public class ListCommand extends Command{","isFullCredit":false},{"lineNumber":5,"author":{"gitId":"951553394"},"content":"","isFullCredit":false},{"lineNumber":6,"author":{"gitId":"-"},"content":"    /**","isFullCredit":false},{"lineNumber":7,"author":{"gitId":"-"},"content":"     * execute ListCommand","isFullCredit":false},{"lineNumber":8,"author":{"gitId":"-"},"content":"     * @param inputTasks list of tasks","isFullCredit":false},{"lineNumber":9,"author":{"gitId":"-"},"content":"     * @param storage storage used","isFullCredit":false},{"lineNumber":10,"author":{"gitId":"-"},"content":"     * @param ui ui used","isFullCredit":false},{"lineNumber":11,"author":{"gitId":"-"},"content":"     */","isFullCredit":false},{"lineNumber":12,"author":{"gitId":"951553394"},"content":"    public void execute(TaskList inputTasks, Storage storage, Ui ui){","isFullCredit":false},{"lineNumber":13,"author":{"gitId":"951553394"},"content":"        inputTasks.showTaskList(ui);","isFullCredit":false},{"lineNumber":14,"author":{"gitId":"951553394"},"content":"        storage.writeToFile(inputTasks);","isFullCredit":false},{"lineNumber":15,"author":{"gitId":"951553394"},"content":"    }","isFullCredit":false},{"lineNumber":16,"author":{"gitId":"951553394"},"content":"}","isFullCredit":false}],"authorContributionMap":{"951553394":7,"-":9}},{"path":"src/main/java/Parser.java","fileType":"java","lines":[{"lineNumber":1,"author":{"gitId":"951553394"},"content":"import java.time.LocalDate;","isFullCredit":false},{"lineNumber":2,"author":{"gitId":"951553394"},"content":"","isFullCredit":false},{"lineNumber":3,"author":{"gitId":"-"},"content":"/**","isFullCredit":false},{"lineNumber":4,"author":{"gitId":"-"},"content":" * parse input as commands","isFullCredit":false},{"lineNumber":5,"author":{"gitId":"-"},"content":" */","isFullCredit":false},{"lineNumber":6,"author":{"gitId":"951553394"},"content":"public class Parser {","isFullCredit":false},{"lineNumber":7,"author":{"gitId":"951553394"},"content":"","isFullCredit":false},{"lineNumber":8,"author":{"gitId":"-"},"content":"    /**","isFullCredit":false},{"lineNumber":9,"author":{"gitId":"-"},"content":"     * parese inputs as different commands","isFullCredit":false},{"lineNumber":10,"author":{"gitId":"-"},"content":"     * @param input input by user","isFullCredit":false},{"lineNumber":11,"author":{"gitId":"-"},"content":"     * @return returns a command","isFullCredit":false},{"lineNumber":12,"author":{"gitId":"-"},"content":"     * @throws DukeException exceptions found in the input","isFullCredit":false},{"lineNumber":13,"author":{"gitId":"-"},"content":"     */","isFullCredit":false},{"lineNumber":14,"author":{"gitId":"951553394"},"content":"    public static Command parse(String input) throws DukeException{","isFullCredit":false},{"lineNumber":15,"author":{"gitId":"951553394"},"content":"        String[] commandline \u003d input.split(\" \");","isFullCredit":false},{"lineNumber":16,"author":{"gitId":"951553394"},"content":"        Command command;","isFullCredit":false},{"lineNumber":17,"author":{"gitId":"951553394"},"content":"        int taskIndex;","isFullCredit":false},{"lineNumber":18,"author":{"gitId":"951553394"},"content":"        switch (commandline[0]) {","isFullCredit":false},{"lineNumber":19,"author":{"gitId":"951553394"},"content":"            case \"list\":","isFullCredit":false},{"lineNumber":20,"author":{"gitId":"951553394"},"content":"                if(input.length() \u003d\u003d 4) {","isFullCredit":false},{"lineNumber":21,"author":{"gitId":"951553394"},"content":"                    command \u003d new ListCommand();","isFullCredit":false},{"lineNumber":22,"author":{"gitId":"951553394"},"content":"                }else{","isFullCredit":false},{"lineNumber":23,"author":{"gitId":"951553394"},"content":"                    throw new DukeException(\"☹ Sorry! You cannot type other things except for \u0027list\u0027!\");","isFullCredit":false},{"lineNumber":24,"author":{"gitId":"951553394"},"content":"                }","isFullCredit":false},{"lineNumber":25,"author":{"gitId":"951553394"},"content":"                break;","isFullCredit":false},{"lineNumber":26,"author":{"gitId":"951553394"},"content":"            case \"done\":","isFullCredit":false},{"lineNumber":27,"author":{"gitId":"951553394"},"content":"                taskIndex \u003d Integer.parseInt(commandline[1]);","isFullCredit":false},{"lineNumber":28,"author":{"gitId":"951553394"},"content":"                command \u003d new DoneCommand(taskIndex);","isFullCredit":false},{"lineNumber":29,"author":{"gitId":"951553394"},"content":"                break;","isFullCredit":false},{"lineNumber":30,"author":{"gitId":"951553394"},"content":"            case \"delete\":","isFullCredit":false},{"lineNumber":31,"author":{"gitId":"951553394"},"content":"                taskIndex \u003d Integer.parseInt(commandline[1]);","isFullCredit":false},{"lineNumber":32,"author":{"gitId":"951553394"},"content":"                command \u003d new DeleteCommand(taskIndex);","isFullCredit":false},{"lineNumber":33,"author":{"gitId":"951553394"},"content":"                break;","isFullCredit":false},{"lineNumber":34,"author":{"gitId":"951553394"},"content":"            case \"todo\":","isFullCredit":false},{"lineNumber":35,"author":{"gitId":"951553394"},"content":"                if(input.length() \u003d\u003d 4){","isFullCredit":false},{"lineNumber":36,"author":{"gitId":"951553394"},"content":"                    throw new DukeException(\"☹ Sorry! You cannot leave descriptions of a todo empty\");","isFullCredit":false},{"lineNumber":37,"author":{"gitId":"951553394"},"content":"                } else {","isFullCredit":false},{"lineNumber":38,"author":{"gitId":"951553394"},"content":"                    command \u003d new AddCommand(new Todo(input.substring(5)));","isFullCredit":false},{"lineNumber":39,"author":{"gitId":"951553394"},"content":"                }","isFullCredit":false},{"lineNumber":40,"author":{"gitId":"951553394"},"content":"                break;","isFullCredit":false},{"lineNumber":41,"author":{"gitId":"951553394"},"content":"            case \"deadline\":","isFullCredit":false},{"lineNumber":42,"author":{"gitId":"951553394"},"content":"                if(input.length() \u003d\u003d 8){","isFullCredit":false},{"lineNumber":43,"author":{"gitId":"951553394"},"content":"                    throw new DukeException(\"☹ Sorry! You cannot leave descriptions of a deadline empty\");","isFullCredit":false},{"lineNumber":44,"author":{"gitId":"951553394"},"content":"                } else {","isFullCredit":false},{"lineNumber":45,"author":{"gitId":"951553394"},"content":"                    command \u003d new AddCommand(new Deadline(input.substring(9, input.indexOf(\u0027/\u0027) - 1),","isFullCredit":false},{"lineNumber":46,"author":{"gitId":"951553394"},"content":"                            LocalDate.parse(input.substring(input.indexOf(\u0027/\u0027) + 4))));","isFullCredit":false},{"lineNumber":47,"author":{"gitId":"951553394"},"content":"                }","isFullCredit":false},{"lineNumber":48,"author":{"gitId":"951553394"},"content":"                break;","isFullCredit":false},{"lineNumber":49,"author":{"gitId":"951553394"},"content":"            case \"event\":","isFullCredit":false},{"lineNumber":50,"author":{"gitId":"951553394"},"content":"                if(input.length() \u003d\u003d 5){","isFullCredit":false},{"lineNumber":51,"author":{"gitId":"951553394"},"content":"                    throw new DukeException(\"☹ Sorry! You cannot leave descriptions of an event empty\");","isFullCredit":false},{"lineNumber":52,"author":{"gitId":"951553394"},"content":"                } else {","isFullCredit":false},{"lineNumber":53,"author":{"gitId":"951553394"},"content":"                    command \u003d new AddCommand(new Event(input.substring(6, input.indexOf(\u0027/\u0027) - 1),","isFullCredit":false},{"lineNumber":54,"author":{"gitId":"951553394"},"content":"                            LocalDate.parse(input.substring(input.indexOf(\u0027/\u0027) + 4))));","isFullCredit":false},{"lineNumber":55,"author":{"gitId":"951553394"},"content":"                }","isFullCredit":false},{"lineNumber":56,"author":{"gitId":"951553394"},"content":"                break;","isFullCredit":false},{"lineNumber":57,"author":{"gitId":"951553394"},"content":"            case \"find\":","isFullCredit":false},{"lineNumber":58,"author":{"gitId":"951553394"},"content":"                if(input.length() \u003d\u003d 4){","isFullCredit":false},{"lineNumber":59,"author":{"gitId":"951553394"},"content":"                    throw new DukeException(\"☹ Sorry! You cannot find an empty task\");","isFullCredit":false},{"lineNumber":60,"author":{"gitId":"951553394"},"content":"                } else {","isFullCredit":false},{"lineNumber":61,"author":{"gitId":"951553394"},"content":"                    command \u003d new FindCommand(input.substring(5));","isFullCredit":false},{"lineNumber":62,"author":{"gitId":"951553394"},"content":"                }","isFullCredit":false},{"lineNumber":63,"author":{"gitId":"951553394"},"content":"                break;","isFullCredit":false},{"lineNumber":64,"author":{"gitId":"951553394"},"content":"            case \"bye\":","isFullCredit":false},{"lineNumber":65,"author":{"gitId":"951553394"},"content":"                command \u003d new ExitCommand();","isFullCredit":false},{"lineNumber":66,"author":{"gitId":"951553394"},"content":"                break;","isFullCredit":false},{"lineNumber":67,"author":{"gitId":"951553394"},"content":"","isFullCredit":false},{"lineNumber":68,"author":{"gitId":"951553394"},"content":"            default:","isFullCredit":false},{"lineNumber":69,"author":{"gitId":"951553394"},"content":"                throw new DukeException(\"☹ OOPS! I don\u0027t know what that means\");","isFullCredit":false},{"lineNumber":70,"author":{"gitId":"951553394"},"content":"        }","isFullCredit":false},{"lineNumber":71,"author":{"gitId":"951553394"},"content":"        return command;","isFullCredit":false},{"lineNumber":72,"author":{"gitId":"951553394"},"content":"    }","isFullCredit":false},{"lineNumber":73,"author":{"gitId":"951553394"},"content":"}","isFullCredit":false}],"authorContributionMap":{"951553394":64,"-":9}},{"path":"src/main/java/Storage.java","fileType":"java","lines":[{"lineNumber":1,"author":{"gitId":"951553394"},"content":"import java.io.File;","isFullCredit":false},{"lineNumber":2,"author":{"gitId":"951553394"},"content":"import java.io.FileWriter;","isFullCredit":false},{"lineNumber":3,"author":{"gitId":"951553394"},"content":"import java.time.LocalDate;","isFullCredit":false},{"lineNumber":4,"author":{"gitId":"951553394"},"content":"import java.util.ArrayList;","isFullCredit":false},{"lineNumber":5,"author":{"gitId":"951553394"},"content":"import java.util.Scanner;","isFullCredit":false},{"lineNumber":6,"author":{"gitId":"951553394"},"content":"","isFullCredit":false},{"lineNumber":7,"author":{"gitId":"-"},"content":"/**","isFullCredit":false},{"lineNumber":8,"author":{"gitId":"-"},"content":" * storage of list of taks into a file","isFullCredit":false},{"lineNumber":9,"author":{"gitId":"-"},"content":" */","isFullCredit":false},{"lineNumber":10,"author":{"gitId":"951553394"},"content":"public class Storage {","isFullCredit":false},{"lineNumber":11,"author":{"gitId":"-"},"content":"","isFullCredit":false},{"lineNumber":12,"author":{"gitId":"951553394"},"content":"    public static String filePath;","isFullCredit":false},{"lineNumber":13,"author":{"gitId":"951553394"},"content":"","isFullCredit":false},{"lineNumber":14,"author":{"gitId":"-"},"content":"    /**","isFullCredit":false},{"lineNumber":15,"author":{"gitId":"-"},"content":"     * Storage Constructor","isFullCredit":false},{"lineNumber":16,"author":{"gitId":"-"},"content":"     * @param filePath the location of file stored","isFullCredit":false},{"lineNumber":17,"author":{"gitId":"-"},"content":"     */","isFullCredit":false},{"lineNumber":18,"author":{"gitId":"951553394"},"content":"    public Storage(String filePath){","isFullCredit":false},{"lineNumber":19,"author":{"gitId":"951553394"},"content":"        this.filePath \u003d filePath;","isFullCredit":false},{"lineNumber":20,"author":{"gitId":"951553394"},"content":"    }","isFullCredit":false},{"lineNumber":21,"author":{"gitId":"951553394"},"content":"","isFullCredit":false},{"lineNumber":22,"author":{"gitId":"-"},"content":"    /**","isFullCredit":false},{"lineNumber":23,"author":{"gitId":"-"},"content":"     * adding task to file","isFullCredit":false},{"lineNumber":24,"author":{"gitId":"-"},"content":"     * @param lst tasks to be added to file","isFullCredit":false},{"lineNumber":25,"author":{"gitId":"-"},"content":"     */","isFullCredit":false},{"lineNumber":26,"author":{"gitId":"951553394"},"content":"    public static void writeToFile(TaskList lst){","isFullCredit":false},{"lineNumber":27,"author":{"gitId":"951553394"},"content":"        try{","isFullCredit":false},{"lineNumber":28,"author":{"gitId":"951553394"},"content":"            FileWriter fw \u003d new FileWriter(filePath);","isFullCredit":false},{"lineNumber":29,"author":{"gitId":"951553394"},"content":"            for(Task t : lst.tasks){","isFullCredit":false},{"lineNumber":30,"author":{"gitId":"951553394"},"content":"                fw.write(t.write() + \u0027\\n\u0027);","isFullCredit":false},{"lineNumber":31,"author":{"gitId":"951553394"},"content":"            }","isFullCredit":false},{"lineNumber":32,"author":{"gitId":"951553394"},"content":"            fw.close();","isFullCredit":false},{"lineNumber":33,"author":{"gitId":"951553394"},"content":"        }catch (Exception e){","isFullCredit":false},{"lineNumber":34,"author":{"gitId":"951553394"},"content":"            System.out.println(e);","isFullCredit":false},{"lineNumber":35,"author":{"gitId":"951553394"},"content":"        }","isFullCredit":false},{"lineNumber":36,"author":{"gitId":"951553394"},"content":"    }","isFullCredit":false},{"lineNumber":37,"author":{"gitId":"951553394"},"content":"","isFullCredit":false},{"lineNumber":38,"author":{"gitId":"-"},"content":"    /**","isFullCredit":false},{"lineNumber":39,"author":{"gitId":"-"},"content":"     * reads the existing tasks in file","isFullCredit":false},{"lineNumber":40,"author":{"gitId":"-"},"content":"     * @param filePath location of file","isFullCredit":false},{"lineNumber":41,"author":{"gitId":"-"},"content":"     * @return the existing tasks in file","isFullCredit":false},{"lineNumber":42,"author":{"gitId":"-"},"content":"     */","isFullCredit":false},{"lineNumber":43,"author":{"gitId":"951553394"},"content":"    static ArrayList\u003cTask\u003e readFile(String filePath){","isFullCredit":false},{"lineNumber":44,"author":{"gitId":"951553394"},"content":"        ArrayList\u003cTask\u003e tasks \u003d new ArrayList\u003c\u003e();","isFullCredit":false},{"lineNumber":45,"author":{"gitId":"951553394"},"content":"        try{","isFullCredit":false},{"lineNumber":46,"author":{"gitId":"951553394"},"content":"            Scanner fileReader \u003d new Scanner(new File(filePath));","isFullCredit":false},{"lineNumber":47,"author":{"gitId":"951553394"},"content":"            while(fileReader.hasNextLine()){","isFullCredit":false},{"lineNumber":48,"author":{"gitId":"951553394"},"content":"                String nextLine \u003d fileReader.nextLine();","isFullCredit":false},{"lineNumber":49,"author":{"gitId":"951553394"},"content":"                String[] split \u003d nextLine.split(\"\\\\|\");","isFullCredit":false},{"lineNumber":50,"author":{"gitId":"951553394"},"content":"                switch(split[0]){","isFullCredit":false},{"lineNumber":51,"author":{"gitId":"951553394"},"content":"                    case \"T\":","isFullCredit":false},{"lineNumber":52,"author":{"gitId":"951553394"},"content":"                        tasks.add(new Todo(split[2]));","isFullCredit":false},{"lineNumber":53,"author":{"gitId":"951553394"},"content":"                        break;","isFullCredit":false},{"lineNumber":54,"author":{"gitId":"951553394"},"content":"                    case \"D\":","isFullCredit":false},{"lineNumber":55,"author":{"gitId":"951553394"},"content":"                        tasks.add(new Deadline(split[2], LocalDate.parse(split[3])));","isFullCredit":false},{"lineNumber":56,"author":{"gitId":"951553394"},"content":"                        break;","isFullCredit":false},{"lineNumber":57,"author":{"gitId":"951553394"},"content":"                    case \"E\":","isFullCredit":false},{"lineNumber":58,"author":{"gitId":"951553394"},"content":"                        tasks.add(new Event(split[2], LocalDate.parse(split[3])));","isFullCredit":false},{"lineNumber":59,"author":{"gitId":"951553394"},"content":"                }","isFullCredit":false},{"lineNumber":60,"author":{"gitId":"951553394"},"content":"            }","isFullCredit":false},{"lineNumber":61,"author":{"gitId":"951553394"},"content":"            fileReader.close();","isFullCredit":false},{"lineNumber":62,"author":{"gitId":"951553394"},"content":"        }catch(Exception e){","isFullCredit":false},{"lineNumber":63,"author":{"gitId":"951553394"},"content":"            System.out.println(e);","isFullCredit":false},{"lineNumber":64,"author":{"gitId":"951553394"},"content":"        }","isFullCredit":false},{"lineNumber":65,"author":{"gitId":"951553394"},"content":"        return tasks;","isFullCredit":false},{"lineNumber":66,"author":{"gitId":"951553394"},"content":"    }","isFullCredit":false},{"lineNumber":67,"author":{"gitId":"951553394"},"content":"}","isFullCredit":false}],"authorContributionMap":{"951553394":50,"-":17}},{"path":"src/main/java/Task.java","fileType":"java","lines":[{"lineNumber":1,"author":{"gitId":"-"},"content":"/**","isFullCredit":false},{"lineNumber":2,"author":{"gitId":"-"},"content":" * Task to be added","isFullCredit":false},{"lineNumber":3,"author":{"gitId":"-"},"content":" */","isFullCredit":false},{"lineNumber":4,"author":{"gitId":"-"},"content":"public class Task {","isFullCredit":false},{"lineNumber":5,"author":{"gitId":"-"},"content":"","isFullCredit":false},{"lineNumber":6,"author":{"gitId":"-"},"content":"    protected String description;","isFullCredit":false},{"lineNumber":7,"author":{"gitId":"-"},"content":"    protected boolean isDone;","isFullCredit":false},{"lineNumber":8,"author":{"gitId":"-"},"content":"","isFullCredit":false},{"lineNumber":9,"author":{"gitId":"-"},"content":"    /**","isFullCredit":false},{"lineNumber":10,"author":{"gitId":"-"},"content":"     * Task constructor","isFullCredit":false},{"lineNumber":11,"author":{"gitId":"-"},"content":"     * @param description name of task","isFullCredit":false},{"lineNumber":12,"author":{"gitId":"-"},"content":"     */","isFullCredit":false},{"lineNumber":13,"author":{"gitId":"-"},"content":"    public Task(String description) {","isFullCredit":false},{"lineNumber":14,"author":{"gitId":"-"},"content":"        this.description \u003d description;","isFullCredit":false},{"lineNumber":15,"author":{"gitId":"-"},"content":"        this.isDone \u003d false;","isFullCredit":false},{"lineNumber":16,"author":{"gitId":"-"},"content":"    }","isFullCredit":false},{"lineNumber":17,"author":{"gitId":"-"},"content":"","isFullCredit":false},{"lineNumber":18,"author":{"gitId":"-"},"content":"    /**","isFullCredit":false},{"lineNumber":19,"author":{"gitId":"-"},"content":"     * output of tasks","isFullCredit":false},{"lineNumber":20,"author":{"gitId":"-"},"content":"     * @return response of task","isFullCredit":false},{"lineNumber":21,"author":{"gitId":"-"},"content":"     */","isFullCredit":false},{"lineNumber":22,"author":{"gitId":"-"},"content":"    public String toString(){","isFullCredit":false},{"lineNumber":23,"author":{"gitId":"-"},"content":"        return \"[\" + getStatusIcon() + \"] \" + description;","isFullCredit":false},{"lineNumber":24,"author":{"gitId":"-"},"content":"    }","isFullCredit":false},{"lineNumber":25,"author":{"gitId":"-"},"content":"","isFullCredit":false},{"lineNumber":26,"author":{"gitId":"-"},"content":"    /**","isFullCredit":false},{"lineNumber":27,"author":{"gitId":"-"},"content":"     * the status of task","isFullCredit":false},{"lineNumber":28,"author":{"gitId":"-"},"content":"     * @return the status of task as done or undone","isFullCredit":false},{"lineNumber":29,"author":{"gitId":"-"},"content":"     */","isFullCredit":false},{"lineNumber":30,"author":{"gitId":"-"},"content":"    public String getStatusIcon() {","isFullCredit":false},{"lineNumber":31,"author":{"gitId":"-"},"content":"        return (isDone ? \"X\" : \" \"); // mark done task with X","isFullCredit":false},{"lineNumber":32,"author":{"gitId":"-"},"content":"    }","isFullCredit":false},{"lineNumber":33,"author":{"gitId":"951553394"},"content":"","isFullCredit":false},{"lineNumber":34,"author":{"gitId":"-"},"content":"    /**","isFullCredit":false},{"lineNumber":35,"author":{"gitId":"-"},"content":"     * mark the task as done","isFullCredit":false},{"lineNumber":36,"author":{"gitId":"-"},"content":"     */","isFullCredit":false},{"lineNumber":37,"author":{"gitId":"951553394"},"content":"    public void markAsDone() {","isFullCredit":false},{"lineNumber":38,"author":{"gitId":"951553394"},"content":"        isDone \u003d true;","isFullCredit":false},{"lineNumber":39,"author":{"gitId":"951553394"},"content":"    }","isFullCredit":false},{"lineNumber":40,"author":{"gitId":"-"},"content":"","isFullCredit":false},{"lineNumber":41,"author":{"gitId":"-"},"content":"    /**","isFullCredit":false},{"lineNumber":42,"author":{"gitId":"-"},"content":"     * write the task to file","isFullCredit":false},{"lineNumber":43,"author":{"gitId":"-"},"content":"     * @return writing task name to file","isFullCredit":false},{"lineNumber":44,"author":{"gitId":"-"},"content":"     */","isFullCredit":false},{"lineNumber":45,"author":{"gitId":"951553394"},"content":"    public String write() {","isFullCredit":false},{"lineNumber":46,"author":{"gitId":"951553394"},"content":"        return this.description;","isFullCredit":false},{"lineNumber":47,"author":{"gitId":"951553394"},"content":"    }","isFullCredit":false},{"lineNumber":48,"author":{"gitId":"-"},"content":"}","isFullCredit":false}],"authorContributionMap":{"951553394":7,"-":41}},{"path":"src/main/java/TaskList.java","fileType":"java","lines":[{"lineNumber":1,"author":{"gitId":"951553394"},"content":"import java.time.format.DateTimeFormatter;","isFullCredit":false},{"lineNumber":2,"author":{"gitId":"951553394"},"content":"import java.util.ArrayList;","isFullCredit":false},{"lineNumber":3,"author":{"gitId":"951553394"},"content":"import java.time.LocalDate;","isFullCredit":false},{"lineNumber":4,"author":{"gitId":"-"},"content":"","isFullCredit":false},{"lineNumber":5,"author":{"gitId":"-"},"content":"/**","isFullCredit":false},{"lineNumber":6,"author":{"gitId":"-"},"content":" * list of task recorded","isFullCredit":false},{"lineNumber":7,"author":{"gitId":"-"},"content":" */","isFullCredit":false},{"lineNumber":8,"author":{"gitId":"951553394"},"content":"public class TaskList {","isFullCredit":false},{"lineNumber":9,"author":{"gitId":"951553394"},"content":"","isFullCredit":false},{"lineNumber":10,"author":{"gitId":"-"},"content":"    public ArrayList\u003cTask\u003e tasks;","isFullCredit":false},{"lineNumber":11,"author":{"gitId":"951553394"},"content":"","isFullCredit":false},{"lineNumber":12,"author":{"gitId":"-"},"content":"    /**","isFullCredit":false},{"lineNumber":13,"author":{"gitId":"-"},"content":"     * TaskList Constructor","isFullCredit":false},{"lineNumber":14,"author":{"gitId":"-"},"content":"     * @param tasks the list of tasks in list","isFullCredit":false},{"lineNumber":15,"author":{"gitId":"-"},"content":"     */","isFullCredit":false},{"lineNumber":16,"author":{"gitId":"951553394"},"content":"    public TaskList(ArrayList\u003cTask\u003e tasks){","isFullCredit":false},{"lineNumber":17,"author":{"gitId":"951553394"},"content":"        this.tasks \u003d tasks;","isFullCredit":false},{"lineNumber":18,"author":{"gitId":"951553394"},"content":"    }","isFullCredit":false},{"lineNumber":19,"author":{"gitId":"951553394"},"content":"","isFullCredit":false},{"lineNumber":20,"author":{"gitId":"-"},"content":"    /**","isFullCredit":false},{"lineNumber":21,"author":{"gitId":"-"},"content":"     * gets the size of task list","isFullCredit":false},{"lineNumber":22,"author":{"gitId":"-"},"content":"     * @return the number of tasks in list","isFullCredit":false},{"lineNumber":23,"author":{"gitId":"-"},"content":"     */","isFullCredit":false},{"lineNumber":24,"author":{"gitId":"951553394"},"content":"    public int getSize(){","isFullCredit":false},{"lineNumber":25,"author":{"gitId":"951553394"},"content":"        return tasks.size();","isFullCredit":false},{"lineNumber":26,"author":{"gitId":"951553394"},"content":"    }","isFullCredit":false},{"lineNumber":27,"author":{"gitId":"951553394"},"content":"","isFullCredit":false},{"lineNumber":28,"author":{"gitId":"-"},"content":"    /**","isFullCredit":false},{"lineNumber":29,"author":{"gitId":"-"},"content":"     * adds task to list","isFullCredit":false},{"lineNumber":30,"author":{"gitId":"-"},"content":"     * @param task the task to be added","isFullCredit":false},{"lineNumber":31,"author":{"gitId":"-"},"content":"     * @param ui ui of adding tasks","isFullCredit":false},{"lineNumber":32,"author":{"gitId":"-"},"content":"     */","isFullCredit":false},{"lineNumber":33,"author":{"gitId":"951553394"},"content":"    public void addTask(Task task, Ui ui){","isFullCredit":false},{"lineNumber":34,"author":{"gitId":"951553394"},"content":"        tasks.add(task);","isFullCredit":false},{"lineNumber":35,"author":{"gitId":"951553394"},"content":"        ui.addResponse(\"Got it. I\u0027ve added this task:\" + \"\\n\" + \" \" + task.toString() + \"\\n\"","isFullCredit":false},{"lineNumber":36,"author":{"gitId":"951553394"},"content":"                + \"Now you have \" + getSize() + \" tasks in the list\");","isFullCredit":false},{"lineNumber":37,"author":{"gitId":"951553394"},"content":"    }","isFullCredit":false},{"lineNumber":38,"author":{"gitId":"951553394"},"content":"","isFullCredit":false},{"lineNumber":39,"author":{"gitId":"-"},"content":"    /**","isFullCredit":false},{"lineNumber":40,"author":{"gitId":"-"},"content":"     * deletes task from list","isFullCredit":false},{"lineNumber":41,"author":{"gitId":"-"},"content":"     * @param taskIndex index of task to be deleted","isFullCredit":false},{"lineNumber":42,"author":{"gitId":"-"},"content":"     * @param ui ui of deleting task","isFullCredit":false},{"lineNumber":43,"author":{"gitId":"-"},"content":"     */","isFullCredit":false},{"lineNumber":44,"author":{"gitId":"951553394"},"content":"    public void deleteTask(int taskIndex, Ui ui){","isFullCredit":false},{"lineNumber":45,"author":{"gitId":"951553394"},"content":"        Task deleted \u003d tasks.get(taskIndex - 1);","isFullCredit":false},{"lineNumber":46,"author":{"gitId":"951553394"},"content":"        tasks.remove(taskIndex - 1);","isFullCredit":false},{"lineNumber":47,"author":{"gitId":"951553394"},"content":"        ui.addResponse(\"Noted. I\u0027ve removed this task: \" + \"\\n\" +","isFullCredit":false},{"lineNumber":48,"author":{"gitId":"951553394"},"content":"                deleted.toString() + \"\\n\" + \"Now you have \" + getSize() + \" tasks in the list.\");","isFullCredit":false},{"lineNumber":49,"author":{"gitId":"951553394"},"content":"    }","isFullCredit":false},{"lineNumber":50,"author":{"gitId":"951553394"},"content":"","isFullCredit":false},{"lineNumber":51,"author":{"gitId":"-"},"content":"    /**","isFullCredit":false},{"lineNumber":52,"author":{"gitId":"-"},"content":"     * marking a task as done","isFullCredit":false},{"lineNumber":53,"author":{"gitId":"-"},"content":"     * @param taskIndex index of task to be mark as done","isFullCredit":false},{"lineNumber":54,"author":{"gitId":"-"},"content":"     * @param ui ui of marking task as done","isFullCredit":false},{"lineNumber":55,"author":{"gitId":"-"},"content":"     */","isFullCredit":false},{"lineNumber":56,"author":{"gitId":"951553394"},"content":"    public void doneTask(int taskIndex, Ui ui){","isFullCredit":false},{"lineNumber":57,"author":{"gitId":"951553394"},"content":"        tasks.get(taskIndex - 1).markAsDone();","isFullCredit":false},{"lineNumber":58,"author":{"gitId":"951553394"},"content":"        ui.addResponse(\"Congrats! You are done with task \" + taskIndex);","isFullCredit":false},{"lineNumber":59,"author":{"gitId":"951553394"},"content":"    }","isFullCredit":false},{"lineNumber":60,"author":{"gitId":"951553394"},"content":"","isFullCredit":false},{"lineNumber":61,"author":{"gitId":"-"},"content":"    /**","isFullCredit":false},{"lineNumber":62,"author":{"gitId":"-"},"content":"     * showing the tasks in the list","isFullCredit":false},{"lineNumber":63,"author":{"gitId":"-"},"content":"     * @param ui ui of showing the tasks in the list","isFullCredit":false},{"lineNumber":64,"author":{"gitId":"-"},"content":"     */","isFullCredit":false},{"lineNumber":65,"author":{"gitId":"951553394"},"content":"    public void showTaskList(Ui ui){","isFullCredit":false},{"lineNumber":66,"author":{"gitId":"951553394"},"content":"        String listStrings \u003d \"\";","isFullCredit":false},{"lineNumber":67,"author":{"gitId":"951553394"},"content":"        for (int i \u003d 0; i \u003c getSize(); i++) {","isFullCredit":false},{"lineNumber":68,"author":{"gitId":"951553394"},"content":"            Integer listNum \u003d i + 1;","isFullCredit":false},{"lineNumber":69,"author":{"gitId":"951553394"},"content":"            listStrings +\u003d listNum.toString() + \".\" + tasks.get(i).toString() + \"\\n\";","isFullCredit":false},{"lineNumber":70,"author":{"gitId":"951553394"},"content":"        }","isFullCredit":false},{"lineNumber":71,"author":{"gitId":"951553394"},"content":"        ui.addResponse(\"Here are the tasks in your list:\" + \"\\n\" + listStrings);","isFullCredit":false},{"lineNumber":72,"author":{"gitId":"951553394"},"content":"    }","isFullCredit":false},{"lineNumber":73,"author":{"gitId":"951553394"},"content":"","isFullCredit":false},{"lineNumber":74,"author":{"gitId":"-"},"content":"    /**","isFullCredit":false},{"lineNumber":75,"author":{"gitId":"-"},"content":"     * finding a task according to keyword","isFullCredit":false},{"lineNumber":76,"author":{"gitId":"-"},"content":"     * @param keyword the keyword to be searched","isFullCredit":false},{"lineNumber":77,"author":{"gitId":"-"},"content":"     * @param ui ui of finding according to keyword","isFullCredit":false},{"lineNumber":78,"author":{"gitId":"-"},"content":"     */","isFullCredit":false},{"lineNumber":79,"author":{"gitId":"951553394"},"content":"    public void findKeyword(String keyword, Ui ui){","isFullCredit":false},{"lineNumber":80,"author":{"gitId":"951553394"},"content":"        ArrayList\u003cTask\u003e keyTasks \u003d new ArrayList\u003c\u003e();","isFullCredit":false},{"lineNumber":81,"author":{"gitId":"951553394"},"content":"        for(int i \u003d 0; i \u003c getSize(); i++){","isFullCredit":false},{"lineNumber":82,"author":{"gitId":"951553394"},"content":"            if(this.tasks.get(i).description.contains(keyword)){","isFullCredit":false},{"lineNumber":83,"author":{"gitId":"951553394"},"content":"                keyTasks.add(this.tasks.get(i));","isFullCredit":false},{"lineNumber":84,"author":{"gitId":"951553394"},"content":"            }","isFullCredit":false},{"lineNumber":85,"author":{"gitId":"951553394"},"content":"        }","isFullCredit":false},{"lineNumber":86,"author":{"gitId":"951553394"},"content":"","isFullCredit":false},{"lineNumber":87,"author":{"gitId":"951553394"},"content":"        if(keyTasks.size() \u003d\u003d 0){","isFullCredit":false},{"lineNumber":88,"author":{"gitId":"951553394"},"content":"            ui.addResponse(\"Sorry there is no matching task :-(\");","isFullCredit":false},{"lineNumber":89,"author":{"gitId":"951553394"},"content":"        }","isFullCredit":false},{"lineNumber":90,"author":{"gitId":"951553394"},"content":"","isFullCredit":false},{"lineNumber":91,"author":{"gitId":"951553394"},"content":"        String findList \u003d \"\";","isFullCredit":false},{"lineNumber":92,"author":{"gitId":"951553394"},"content":"        for(int i \u003d 0; i \u003c keyTasks.size(); i++){","isFullCredit":false},{"lineNumber":93,"author":{"gitId":"951553394"},"content":"            Integer listNum \u003d i + 1;","isFullCredit":false},{"lineNumber":94,"author":{"gitId":"951553394"},"content":"            findList +\u003d listNum.toString() + \".\" + keyTasks.get(i).toString() + \"\\n\";","isFullCredit":false},{"lineNumber":95,"author":{"gitId":"951553394"},"content":"        }","isFullCredit":false},{"lineNumber":96,"author":{"gitId":"951553394"},"content":"        ui.addResponse(\"Here are the matching tasks in your list:\\n\" + findList);","isFullCredit":false},{"lineNumber":97,"author":{"gitId":"951553394"},"content":"    }","isFullCredit":false},{"lineNumber":98,"author":{"gitId":"951553394"},"content":"","isFullCredit":false},{"lineNumber":99,"author":{"gitId":"951553394"},"content":"}","isFullCredit":false}],"authorContributionMap":{"951553394":62,"-":37}},{"path":"src/main/java/Todo.java","fileType":"java","lines":[{"lineNumber":1,"author":{"gitId":"-"},"content":"/**","isFullCredit":false},{"lineNumber":2,"author":{"gitId":"-"},"content":" * setting task as a Todo","isFullCredit":false},{"lineNumber":3,"author":{"gitId":"-"},"content":" */","isFullCredit":false},{"lineNumber":4,"author":{"gitId":"951553394"},"content":"public class Todo extends Task{","isFullCredit":false},{"lineNumber":5,"author":{"gitId":"951553394"},"content":"","isFullCredit":false},{"lineNumber":6,"author":{"gitId":"-"},"content":"    /**","isFullCredit":false},{"lineNumber":7,"author":{"gitId":"-"},"content":"     * Todo Constructor","isFullCredit":false},{"lineNumber":8,"author":{"gitId":"-"},"content":"     * @param description name of taks","isFullCredit":false},{"lineNumber":9,"author":{"gitId":"-"},"content":"     */","isFullCredit":false},{"lineNumber":10,"author":{"gitId":"951553394"},"content":"    public Todo(String description){","isFullCredit":false},{"lineNumber":11,"author":{"gitId":"951553394"},"content":"        super(description);","isFullCredit":false},{"lineNumber":12,"author":{"gitId":"951553394"},"content":"    }","isFullCredit":false},{"lineNumber":13,"author":{"gitId":"951553394"},"content":"","isFullCredit":false},{"lineNumber":14,"author":{"gitId":"951553394"},"content":"    @Override","isFullCredit":false},{"lineNumber":15,"author":{"gitId":"951553394"},"content":"    public String toString(){","isFullCredit":false},{"lineNumber":16,"author":{"gitId":"951553394"},"content":"        return \"[T]\" + super.toString();","isFullCredit":false},{"lineNumber":17,"author":{"gitId":"951553394"},"content":"    }","isFullCredit":false},{"lineNumber":18,"author":{"gitId":"951553394"},"content":"","isFullCredit":false},{"lineNumber":19,"author":{"gitId":"951553394"},"content":"    @Override","isFullCredit":false},{"lineNumber":20,"author":{"gitId":"951553394"},"content":"    public String write(){","isFullCredit":false},{"lineNumber":21,"author":{"gitId":"951553394"},"content":"        return \"T|\" + this.getStatusIcon() + \"|\" + this.description;","isFullCredit":false},{"lineNumber":22,"author":{"gitId":"951553394"},"content":"    }","isFullCredit":false},{"lineNumber":23,"author":{"gitId":"951553394"},"content":"}","isFullCredit":false}],"authorContributionMap":{"951553394":16,"-":7}},{"path":"src/main/java/Ui.java","fileType":"java","lines":[{"lineNumber":1,"author":{"gitId":"-"},"content":"/**","isFullCredit":false},{"lineNumber":2,"author":{"gitId":"-"},"content":" * ui of duke","isFullCredit":false},{"lineNumber":3,"author":{"gitId":"-"},"content":" */","isFullCredit":false},{"lineNumber":4,"author":{"gitId":"951553394"},"content":"public class Ui {","isFullCredit":false},{"lineNumber":5,"author":{"gitId":"-"},"content":"","isFullCredit":false},{"lineNumber":6,"author":{"gitId":"951553394"},"content":"    private String reply;","isFullCredit":false},{"lineNumber":7,"author":{"gitId":"951553394"},"content":"","isFullCredit":false},{"lineNumber":8,"author":{"gitId":"951553394"},"content":"    public Ui(){","isFullCredit":false},{"lineNumber":9,"author":{"gitId":"951553394"},"content":"        reply \u003d \"\";","isFullCredit":false},{"lineNumber":10,"author":{"gitId":"951553394"},"content":"    }","isFullCredit":false},{"lineNumber":11,"author":{"gitId":"951553394"},"content":"","isFullCredit":false},{"lineNumber":12,"author":{"gitId":"-"},"content":"    /**","isFullCredit":false},{"lineNumber":13,"author":{"gitId":"-"},"content":"     * welcome ui of duke","isFullCredit":false},{"lineNumber":14,"author":{"gitId":"-"},"content":"     * @return the welcome message","isFullCredit":false},{"lineNumber":15,"author":{"gitId":"-"},"content":"     */","isFullCredit":false},{"lineNumber":16,"author":{"gitId":"951553394"},"content":"    public static String showWelcome(){","isFullCredit":false},{"lineNumber":17,"author":{"gitId":"951553394"},"content":"        return \"Hello! I\u0027m Duke\" + \"\\n\" + \"What can I do for you?\";","isFullCredit":false},{"lineNumber":18,"author":{"gitId":"951553394"},"content":"    }","isFullCredit":false},{"lineNumber":19,"author":{"gitId":"951553394"},"content":"","isFullCredit":false},{"lineNumber":20,"author":{"gitId":"951553394"},"content":"    public void addResponse(String message){","isFullCredit":false},{"lineNumber":21,"author":{"gitId":"951553394"},"content":"        reply \u003d (message + \"\\n\");","isFullCredit":false},{"lineNumber":22,"author":{"gitId":"951553394"},"content":"    }","isFullCredit":false},{"lineNumber":23,"author":{"gitId":"951553394"},"content":"","isFullCredit":false},{"lineNumber":24,"author":{"gitId":"951553394"},"content":"    public String getReply(){","isFullCredit":false},{"lineNumber":25,"author":{"gitId":"951553394"},"content":"        return reply;","isFullCredit":false},{"lineNumber":26,"author":{"gitId":"951553394"},"content":"    }","isFullCredit":false},{"lineNumber":27,"author":{"gitId":"951553394"},"content":"","isFullCredit":false},{"lineNumber":28,"author":{"gitId":"-"},"content":"    /**","isFullCredit":false},{"lineNumber":29,"author":{"gitId":"-"},"content":"     * empty a reply","isFullCredit":false},{"lineNumber":30,"author":{"gitId":"-"},"content":"     */","isFullCredit":false},{"lineNumber":31,"author":{"gitId":"951553394"},"content":"    public void clearReply(){","isFullCredit":false},{"lineNumber":32,"author":{"gitId":"951553394"},"content":"        reply \u003d \"\";","isFullCredit":false},{"lineNumber":33,"author":{"gitId":"951553394"},"content":"    }","isFullCredit":false},{"lineNumber":34,"author":{"gitId":"951553394"},"content":"","isFullCredit":false},{"lineNumber":35,"author":{"gitId":"-"},"content":"    /**","isFullCredit":false},{"lineNumber":36,"author":{"gitId":"-"},"content":"     * exit message of duke","isFullCredit":false},{"lineNumber":37,"author":{"gitId":"-"},"content":"     * @return the exit message","isFullCredit":false},{"lineNumber":38,"author":{"gitId":"-"},"content":"     */","isFullCredit":false},{"lineNumber":39,"author":{"gitId":"951553394"},"content":"    public String showGoodbye(){","isFullCredit":false},{"lineNumber":40,"author":{"gitId":"951553394"},"content":"        return \"Bye, hope to see you again!\";","isFullCredit":false},{"lineNumber":41,"author":{"gitId":"951553394"},"content":"    }","isFullCredit":false},{"lineNumber":42,"author":{"gitId":"951553394"},"content":"","isFullCredit":false},{"lineNumber":43,"author":{"gitId":"951553394"},"content":"}","isFullCredit":false}],"authorContributionMap":{"951553394":28,"-":15}}]
