{"authorDailyContributionsMap":{"951553394":[{"date":"2021-01-21","commitResults":[{"hash":"0adeaf0b6f7098aa6b4608aca440c34fa75b32e6","isMergeCommit":false,"messageTitle":"Delete Greet.java","messageBody":"","fileTypesAndContributionMap":{"java":{"insertions":0,"deletions":10}}}]},{"date":"2021-02-17","commitResults":[{"hash":"91e88e6468e215af705c4602fbee7f73239ea81e","isMergeCommit":true,"messageTitle":"Merge pull request #1 from 951553394/Level-6","messageBody":"Update Level-6","tags":["A-Jar"],"fileTypesAndContributionMap":{}}]},{"date":"2021-02-18","commitResults":[{"hash":"21ac0b1ed85192fb4baf84ddc1c0e976a7752cf5","isMergeCommit":true,"messageTitle":"Merge pull request #2 from 951553394/Level-7","messageBody":"Merge Level-7","tags":["A-Collections"],"fileTypesAndContributionMap":{}}]},{"date":"2021-03-05","commitResults":[{"hash":"a8510fdfe3589fcb8bb653eac0b7b42945620c12","isMergeCommit":false,"messageTitle":"Add files via upload","messageBody":"","tags":["Level-9","Level-8","A-MoreOOP"],"fileTypesAndContributionMap":{"java":{"insertions":829,"deletions":440}}},{"hash":"cfb785824977aa2f090cd345e325ff4fc2574b9d","isMergeCommit":false,"messageTitle":"Update README.md","messageBody":"","fileTypesAndContributionMap":{"md":{"insertions":64,"deletions":20}}},{"hash":"a9dfa528018d531e3640f983b003f1cff6f01440","isMergeCommit":false,"messageTitle":"Update README.md","messageBody":"","fileTypesAndContributionMap":{"md":{"insertions":8,"deletions":2}}},{"hash":"ef5027bfed9033a7f8cf3fe7bb3fa1369415fbd5","isMergeCommit":false,"messageTitle":"Update README.md","messageBody":"","fileTypesAndContributionMap":{"md":{"insertions":14,"deletions":7}}}]},{"date":"2021-03-06","commitResults":[{"hash":"edec3ff63fc43d535e8afca1bed7aeebbf6d384d","isMergeCommit":false,"messageTitle":"Update README.md","messageBody":"","fileTypesAndContributionMap":{"md":{"insertions":2,"deletions":2}}}]}]},"authorFileTypeContributionMap":{"951553394":{"java":379,"md":78,"txt":0}},"authorContributionVariance":{"951553394":34182.496},"authorDisplayNameMap":{"951553394":"Qixuan Jiang"}}
