[{"path":"README.md","fileType":"md","lines":[{"lineNumber":1,"author":{"gitId":"chenling1022"},"content":"# Duke User Guide","isFullCredit":false},{"lineNumber":2,"author":{"gitId":"-"},"content":"","isFullCredit":false},{"lineNumber":3,"author":{"gitId":"chenling1022"},"content":"Duke is a personal assistant that allows users to add, delete, check and find tasks. The tasks added will be saved to a text file named **testduke.txt**. ","isFullCredit":false},{"lineNumber":4,"author":{"gitId":"-"},"content":"","isFullCredit":false},{"lineNumber":5,"author":{"gitId":"-"},"content":"## Setting up in Intellij","isFullCredit":false},{"lineNumber":6,"author":{"gitId":"-"},"content":"","isFullCredit":false},{"lineNumber":7,"author":{"gitId":"-"},"content":"Prerequisites: JDK 11, update IntelliJ to the most recent version.","isFullCredit":false},{"lineNumber":8,"author":{"gitId":"-"},"content":"","isFullCredit":false},{"lineNumber":9,"author":{"gitId":"-"},"content":"### On IntelliJ version 2020.3.1 (latest) and beyond","isFullCredit":false},{"lineNumber":10,"author":{"gitId":"-"},"content":"","isFullCredit":false},{"lineNumber":11,"author":{"gitId":"-"},"content":"1. Open IntelliJ (if you are not in the welcome screen, click `File` \u003e `Close Project` to close the existing project first)","isFullCredit":false},{"lineNumber":12,"author":{"gitId":"-"},"content":"1. Import the project into IntelliJ as follows:","isFullCredit":false},{"lineNumber":13,"author":{"gitId":"-"},"content":"   1. Click `Open`","isFullCredit":false},{"lineNumber":14,"author":{"gitId":"-"},"content":"   1. Select the project directory, and click `OK`","isFullCredit":false},{"lineNumber":15,"author":{"gitId":"-"},"content":"   1. If there are any further prompts, accept the defaults.","isFullCredit":false},{"lineNumber":16,"author":{"gitId":"-"},"content":"1. Configure the project to use **JDK 11** (not other versions) as explained in [here](https://www.jetbrains.com/help/idea/sdk.html#set-up-jdk).","isFullCredit":false},{"lineNumber":17,"author":{"gitId":"-"},"content":"1. After that, locate the `src/main/java/Duke.java` file, right-click it, and choose `Run Duke.main()`. If the setup is correct, you should see something like the output below.","isFullCredit":false},{"lineNumber":18,"author":{"gitId":"-"},"content":"","isFullCredit":false},{"lineNumber":19,"author":{"gitId":"-"},"content":"   ```","isFullCredit":false},{"lineNumber":20,"author":{"gitId":"-"},"content":"   Hello from","isFullCredit":false},{"lineNumber":21,"author":{"gitId":"-"},"content":"    ____        _        ","isFullCredit":false},{"lineNumber":22,"author":{"gitId":"-"},"content":"   |  _ \\ _   _| | _____ ","isFullCredit":false},{"lineNumber":23,"author":{"gitId":"-"},"content":"   | | | | | | | |/ / _ \\","isFullCredit":false},{"lineNumber":24,"author":{"gitId":"-"},"content":"   | |_| | |_| |   \u003c  __/","isFullCredit":false},{"lineNumber":25,"author":{"gitId":"-"},"content":"   |____/ \\__,_|_|\\_\\___|","isFullCredit":false},{"lineNumber":26,"author":{"gitId":"-"},"content":"   ```","isFullCredit":false},{"lineNumber":27,"author":{"gitId":"chenling1022"},"content":"# User guide","isFullCredit":false},{"lineNumber":28,"author":{"gitId":"chenling1022"},"content":"## Features","isFullCredit":false},{"lineNumber":29,"author":{"gitId":"chenling1022"},"content":"### **todo** ","isFullCredit":false},{"lineNumber":30,"author":{"gitId":"chenling1022"},"content":"#### to add a *todo* task into a task list, no date/time needed.","isFullCredit":false},{"lineNumber":31,"author":{"gitId":"chenling1022"},"content":"### **event** ","isFullCredit":false},{"lineNumber":32,"author":{"gitId":"chenling1022"},"content":"####to add a *event* task into a task list, date/time needs to be specified in the format of [event description]/at [date/time].","isFullCredit":false},{"lineNumber":33,"author":{"gitId":"chenling1022"},"content":"### **deadline** ","isFullCredit":false},{"lineNumber":34,"author":{"gitId":"chenling1022"},"content":"#### to add a *deadline* task into a task list, date/time needs to be specified in the format of [deadline description]/by [date/time],","isFullCredit":false},{"lineNumber":35,"author":{"gitId":"chenling1022"},"content":"### **delete** ","isFullCredit":false},{"lineNumber":36,"author":{"gitId":"chenling1022"},"content":"#### to delete a task in the task list that the user previously added in. Format: delete [task number].","isFullCredit":false},{"lineNumber":37,"author":{"gitId":"chenling1022"},"content":"### **done** ","isFullCredit":false},{"lineNumber":38,"author":{"gitId":"chenling1022"},"content":"#### to mark a task as done, this will be reflected as a tick. Format: done [task number].","isFullCredit":false},{"lineNumber":39,"author":{"gitId":"chenling1022"},"content":"### **list**","isFullCredit":false},{"lineNumber":40,"author":{"gitId":"chenling1022"},"content":"#### to list out all available tasks that the user has added inside.","isFullCredit":false},{"lineNumber":41,"author":{"gitId":"chenling1022"},"content":"### **find**","isFullCredit":false},{"lineNumber":42,"author":{"gitId":"chenling1022"},"content":"#### to search for all tasks in the list and find the task that contains the user\u0027s input keyword. Format: find [keyword].","isFullCredit":false},{"lineNumber":43,"author":{"gitId":"chenling1022"},"content":"### **bye**","isFullCredit":false},{"lineNumber":44,"author":{"gitId":"chenling1022"},"content":"#### to end the program ","isFullCredit":false},{"lineNumber":45,"author":{"gitId":"chenling1022"},"content":"### to take note: ","isFullCredit":false},{"lineNumber":46,"author":{"gitId":"chenling1022"},"content":"#### 1.the file is loaded automatically everytime the user runs the program","isFullCredit":false},{"lineNumber":47,"author":{"gitId":"chenling1022"},"content":"#### 2.the tasks added throughout the run of the program will be stored into the file ","isFullCredit":false},{"lineNumber":48,"author":{"gitId":"chenling1022"},"content":"#### 3.after the user inputs \"bye\", the file is automatically cleared to a blank text file, and the user needs to rerun the program","isFullCredit":false},{"lineNumber":49,"author":{"gitId":"chenling1022"},"content":"#### 4.feel free to explore all functions of Duke! ","isFullCredit":false},{"lineNumber":50,"author":{"gitId":"chenling1022"},"content":"","isFullCredit":false}],"authorContributionMap":{"chenling1022":26,"-":24}}]
