{"authorDailyContributionsMap":{"chenling1022":[{"date":"2021-02-21","commitResults":[{"hash":"7834ffcd512710dd92f7800f7b7ab9fe2f0237b6","isMergeCommit":true,"messageTitle":"Merge pull request #1 from chenling1022/branch-Level-9","messageBody":"added command FIND","tags":["Level-9"],"fileTypesAndContributionMap":{}}]},{"date":"2021-02-22","commitResults":[{"hash":"b425b9df0324b1bf90cc7773b9e5c63436e9a682","isMergeCommit":false,"messageTitle":"Update README.md","messageBody":"Added user guide","fileTypesAndContributionMap":{"md":{"insertions":12,"deletions":1}}}]},{"date":"2021-02-25","commitResults":[{"hash":"37115c57fd3804a8c704a7c5552c278d93a95229","isMergeCommit":false,"messageTitle":"Update README.md","messageBody":"","fileTypesAndContributionMap":{"md":{"insertions":19,"deletions":11}}},{"hash":"883d4a705f420bd5e7d54bde899c4dcde1c9b8ac","isMergeCommit":false,"messageTitle":"Update README.md","messageBody":"","tags":["A-Release"],"fileTypesAndContributionMap":{"md":{"insertions":5,"deletions":0}}}]}]},"authorFileTypeContributionMap":{"chenling1022":{"java":0,"md":26,"txt":0}},"authorContributionVariance":{"chenling1022":29.2155},"authorDisplayNameMap":{"chenling1022":"Chen Ling"}}
