{"authorDailyContributionsMap":{"cloudy3":[{"date":"2021-01-23","commitResults":[{"hash":"f77a30e6e599674b6b9781321c33710279965282","isMergeCommit":false,"messageTitle":"Added Level 0. Greet.","messageBody":"","tags":["Level-1"],"fileTypesAndContributionMap":{"java":{"insertions":7,"deletions":0}}},{"hash":"f1eeaf4a99fab034c5e6991e3a2b6faf58a6aca3","isMergeCommit":false,"messageTitle":"Add Greet, Echo, Exit","messageBody":"","tags":["Level-2"],"fileTypesAndContributionMap":{"java":{"insertions":22,"deletions":5}}},{"hash":"b36c7f2bca67f35a12e16f847caf74ce346e09cb","isMergeCommit":false,"messageTitle":"Allow user to add and list tasks","messageBody":"","tags":["Level-3"],"fileTypesAndContributionMap":{"java":{"insertions":12,"deletions":2}}},{"hash":"ec8c064e55a35e2ac6f827b533bd9d9d0e86f9ae","isMergeCommit":false,"messageTitle":"Add Mark As Done","messageBody":"","tags":["A-CodingStandard"],"fileTypesAndContributionMap":{"java":{"insertions":41,"deletions":4}}},{"hash":"2bb389e5fbca19e7f99c2b98f4d71365e53b9948","isMergeCommit":false,"messageTitle":"Tweak to comply coding standard","messageBody":"","fileTypesAndContributionMap":{"java":{"insertions":2,"deletions":2}}}]},{"date":"2021-02-02","commitResults":[{"hash":"a8c8713446313101d2b352cdfa4f3b26d564b074","isMergeCommit":false,"messageTitle":"Added Todo class which extends Task class","messageBody":"","fileTypesAndContributionMap":{"java":{"insertions":39,"deletions":23}}}]},{"date":"2021-02-04","commitResults":[{"hash":"0fcece3fe82c56878dd7c83f9ff7794d0f146512","isMergeCommit":false,"messageTitle":"Added Todo, Deadline, Event","messageBody":"","tags":["Level-4"],"fileTypesAndContributionMap":{"java":{"insertions":86,"deletions":32}}},{"hash":"65c1c801c51c86e7149f4dc6516c6c626c610c49","isMergeCommit":false,"messageTitle":"Updated Duke to print ToDos, Events and Deadlines","messageBody":"","tags":["A-TextUiTesting"],"fileTypesAndContributionMap":{"java":{"insertions":26,"deletions":10}}},{"hash":"c3c5f0e7127f91637a34437d264e8ee2d583007a","isMergeCommit":false,"messageTitle":"Added semi-automated testing of Duke","messageBody":"","tags":["A-CodeQuality"],"fileTypesAndContributionMap":{"txt":{"insertions":1,"deletions":0}}},{"hash":"d3b148d9748c36a9d066b0e97756b1110cf182ac","isMergeCommit":false,"messageTitle":"Improve code quality","messageBody":"","fileTypesAndContributionMap":{"java":{"insertions":3,"deletions":2}}},{"hash":"9f0095b625d5b36688734edf788363d3f4ab5726","isMergeCommit":false,"messageTitle":"Minor Changes","messageBody":"","fileTypesAndContributionMap":{"java":{"insertions":1,"deletions":1}}}]},{"date":"2021-02-05","commitResults":[{"hash":"89fbd8526560ab1b2de2c4b4433b2606de11d056","isMergeCommit":false,"messageTitle":"Fixed Minor Bugs","messageBody":"","fileTypesAndContributionMap":{"java":{"insertions":37,"deletions":24}}}]},{"date":"2021-02-12","commitResults":[{"hash":"d8f2ae812139a79ab0cab7c131b89229779ee971","isMergeCommit":false,"messageTitle":"Used switch statements instead of if/else","messageBody":"","fileTypesAndContributionMap":{"java":{"insertions":69,"deletions":72}}},{"hash":"be09e574f71d487ec828b8458bc40e65bb6b62d3","isMergeCommit":false,"messageTitle":"Minor changes","messageBody":"","fileTypesAndContributionMap":{"java":{"insertions":5,"deletions":6}}},{"hash":"b16db6afa8c8fc45fa2050b36177cab0aad61b8c","isMergeCommit":false,"messageTitle":"Implemented Exception Handling","messageBody":"","fileTypesAndContributionMap":{"java":{"insertions":35,"deletions":23}}},{"hash":"406317cb321d6351751d3f59cdd9e687678e97f2","isMergeCommit":false,"messageTitle":"Implemented Exception Handling for markAsDone","messageBody":"","tags":["Level-5"],"fileTypesAndContributionMap":{"java":{"insertions":7,"deletions":5}}}]},{"date":"2021-02-13","commitResults":[{"hash":"110ed131253678c37a2bfa07e1c6fdd1ae37ecde","isMergeCommit":false,"messageTitle":"Divide classes into packages","messageBody":"","tags":["A-Packages","A-Collections"],"fileTypesAndContributionMap":{"java":{"insertions":42,"deletions":25}}}]},{"date":"2021-02-18","commitResults":[{"hash":"ba1d8616293b68c19c0328fd73190595bb14e653","isMergeCommit":false,"messageTitle":"Added Delete command","messageBody":"","tags":["Level-6"],"fileTypesAndContributionMap":{"txt":{"insertions":7,"deletions":1},"java":{"insertions":18,"deletions":2}}},{"hash":"02797387768172a1c0f2c7556fad8bc94b5a457b","isMergeCommit":false,"messageTitle":"Added save and load methods","messageBody":"","fileTypesAndContributionMap":{"java":{"insertions":80,"deletions":5}}}]},{"date":"2021-02-19","commitResults":[{"hash":"0161a9e2ee03ccf97267f87214566338dc288813","isMergeCommit":false,"messageTitle":"Fixed saving and loading, isDone not fixed","messageBody":"","fileTypesAndContributionMap":{"txt":{"insertions":3,"deletions":0},"java":{"insertions":62,"deletions":5}}},{"hash":"bd549bebe2bbb50a5ff3cba17c61f88226a6f761","isMergeCommit":false,"messageTitle":"Fixed regex","messageBody":"","fileTypesAndContributionMap":{"java":{"insertions":3,"deletions":3}}},{"hash":"e7fcc52afe3997876ee4b9b187ff2c1833af614b","isMergeCommit":false,"messageTitle":"Implemented Save and Load","messageBody":"","fileTypesAndContributionMap":{"txt":{"insertions":3,"deletions":3},"java":{"insertions":25,"deletions":12}}},{"hash":"f22bca3c9ff83d18af1d3619e803ae9b2f6ae663","isMergeCommit":true,"messageTitle":"Merge branch \u0027branch-Level-7\u0027","messageBody":"# Conflicts:\n#\tsrc/main/java/Duke.java\n","tags":["Level-7","A-Jar"],"fileTypesAndContributionMap":{}},{"hash":"0119ecc2fed47d0ce8161a9b944b43bc49280c0d","isMergeCommit":false,"messageTitle":"Minor fixes","messageBody":"","fileTypesAndContributionMap":{"java":{"insertions":0,"deletions":3}}},{"hash":"643c8fd3b8837d1daf733faee0b36e650418b7f1","isMergeCommit":false,"messageTitle":"Fixed bugs with saving","messageBody":"","fileTypesAndContributionMap":{"txt":{"insertions":0,"deletions":3},"java":{"insertions":3,"deletions":1}}}]},{"date":"2021-02-25","commitResults":[{"hash":"defd49ab8d114a7e9f516e742572e837a953f56d","isMergeCommit":false,"messageTitle":"Separate commands into classes","messageBody":"","fileTypesAndContributionMap":{"java":{"insertions":300,"deletions":29}}},{"hash":"ce1352b9217daadc8139bb8c1d0e2f650722ef44","isMergeCommit":false,"messageTitle":"Add custom exceptions","messageBody":"","fileTypesAndContributionMap":{"java":{"insertions":24,"deletions":0}}},{"hash":"7ceb123772cf9e20acf398658a0751b5b635f458","isMergeCommit":false,"messageTitle":"Add Command Parser and Verifier","messageBody":"","fileTypesAndContributionMap":{"java":{"insertions":219,"deletions":0}}}]},{"date":"2021-02-26","commitResults":[{"hash":"4dd826734802e07013c5eb18599cd05321c537ea","isMergeCommit":false,"messageTitle":"Implement OOP for parser","messageBody":"","fileTypesAndContributionMap":{"java":{"insertions":115,"deletions":4}}},{"hash":"63709f3904d4c6f02389938d45d936be746f6cf0","isMergeCommit":false,"messageTitle":"Optimise code for OOP","messageBody":"","tags":["A-MoreOOP"],"fileTypesAndContributionMap":{"java":{"insertions":88,"deletions":250}}}]},{"date":"2021-02-27","commitResults":[{"hash":"c65d5a7eefb6197654ab01a6faac1ff031c72145","isMergeCommit":false,"messageTitle":"Reformat code to be more OOP","messageBody":"","fileTypesAndContributionMap":{"java":{"insertions":38,"deletions":43}}},{"hash":"603566470fceba2edcd45cfa8cf42f55a0dcbb39","isMergeCommit":false,"messageTitle":"Add Date Time format","messageBody":"","fileTypesAndContributionMap":{"java":{"insertions":1,"deletions":1}}},{"hash":"582cf7f6019bf6aff8d17a492c231e9a210e4672","isMergeCommit":true,"messageTitle":"Merge pull request #1 from cloudy3/branch-Level-8","messageBody":"Add Date Time format","tags":["Level-8"],"fileTypesAndContributionMap":{}}]},{"date":"2021-03-02","commitResults":[{"hash":"54eb31e86152d3553d8b8c2e8c11f68a8f6ca50b","isMergeCommit":false,"messageTitle":"Add find command","messageBody":"","tags":["Level-9"],"fileTypesAndContributionMap":{"java":{"insertions":72,"deletions":33}}},{"hash":"2a0471aeb6a4b4e8823cdd37cab99131c6566946","isMergeCommit":true,"messageTitle":"Merge pull request #2 from cloudy3/branch-Level-9","messageBody":"Add find command","fileTypesAndContributionMap":{}}]},{"date":"2021-03-03","commitResults":[{"hash":"ba77530534f16c90e81d030de1df6bb3fbead684","isMergeCommit":false,"messageTitle":"Add JavaDoc","messageBody":"","fileTypesAndContributionMap":{"java":{"insertions":243,"deletions":7}}},{"hash":"8fdc2204df86ca769419f8f82ea39fae511a1d48","isMergeCommit":true,"messageTitle":"Merge pull request #3 from cloudy3/branch-A-JavaDoc","messageBody":"Add JavaDoc","tags":["A-JavaDoc"],"fileTypesAndContributionMap":{}}]},{"date":"2021-03-05","commitResults":[{"hash":"db88849bade7c05ad1b0a30163e5e8d585d6e9b4","isMergeCommit":false,"messageTitle":"Added User Guide","messageBody":"","tags":["A-UserGuide"],"fileTypesAndContributionMap":{"md":{"insertions":143,"deletions":10}}},{"hash":"78661877a37abd503c6e597b24e0153be0f06ba3","isMergeCommit":false,"messageTitle":"Update Release v0.2 link","messageBody":"","fileTypesAndContributionMap":{"md":{"insertions":2,"deletions":1}}}]}]},"authorFileTypeContributionMap":{"cloudy3":{"java":1099,"md":135,"txt":7}},"authorContributionVariance":{"cloudy3":12001.592},"authorDisplayNameMap":{"cloudy3":"Cloudy"}}
